[2026-03-23 11:32:53] glpi.ALERT:   *** Uncaught Error: syntax error, unexpected identifier "Chat", expecting "," or ";"
  Backtrace :
  .\plugins\suggest\src\Chat.php:109                 
  .\src\Plugin.php:2065                              include_once()
  .\src\Plugin.php:2067                              Plugin->{closure}()
  .\src\Plugin.php:1974                              Plugin->loadPluginSetupFile()
  .\src\Plugin.php:758                               Plugin->getInformationsFromDirectory()
  .\src\Plugin.php:816                               Plugin->getPluginInformation()
  .\src\Plugin.php:748                               Plugin->checkPluginState()
  ...ener\PostBootListener\CheckPluginsStates.php:67 Plugin->checkStates()
  ...ymfony\event-dispatcher\EventDispatcher.php:260 Glpi\Kernel\Listener\PostBootListener\CheckPluginsStates->onPostBoot()
  ...ymfony\event-dispatcher\EventDispatcher.php:220 Symfony\Component\EventDispatcher\EventDispatcher::Symfony\Component\EventDispatcher\{closure}()
  ...symfony\event-dispatcher\EventDispatcher.php:56 Symfony\Component\EventDispatcher\EventDispatcher->callListeners()
  .\src\Glpi\Kernel\Kernel.php:149                   Symfony\Component\EventDispatcher\EventDispatcher->dispatch()
  .\vendor\symfony\http-kernel\Kernel.php:192        Glpi\Kernel\Kernel->boot()
  .\public\index.php:70                              Symfony\Component\HttpKernel\Kernel->handle()

[2026-03-23 11:32:55] glpi.ALERT:   *** Uncaught Error: syntax error, unexpected identifier "Chat", expecting "," or ";"
  Backtrace :
  .\plugins\suggest\src\Chat.php:109                 
  .\src\Plugin.php:2065                              include_once()
  .\src\Plugin.php:2067                              Plugin->{closure}()
  .\src\Plugin.php:1974                              Plugin->loadPluginSetupFile()
  .\src\Plugin.php:758                               Plugin->getInformationsFromDirectory()
  .\src\Plugin.php:816                               Plugin->getPluginInformation()
  .\src\Plugin.php:748                               Plugin->checkPluginState()
  ...ener\PostBootListener\CheckPluginsStates.php:67 Plugin->checkStates()
  ...ymfony\event-dispatcher\EventDispatcher.php:260 Glpi\Kernel\Listener\PostBootListener\CheckPluginsStates->onPostBoot()
  ...ymfony\event-dispatcher\EventDispatcher.php:220 Symfony\Component\EventDispatcher\EventDispatcher::Symfony\Component\EventDispatcher\{closure}()
  ...symfony\event-dispatcher\EventDispatcher.php:56 Symfony\Component\EventDispatcher\EventDispatcher->callListeners()
  .\src\Glpi\Kernel\Kernel.php:149                   Symfony\Component\EventDispatcher\EventDispatcher->dispatch()
  .\vendor\symfony\http-kernel\Kernel.php:192        Glpi\Kernel\Kernel->boot()
  .\public\index.php:70                              Symfony\Component\HttpKernel\Kernel->handle()

[2026-03-23 11:42:29] glpi.ALERT:   *** Uncaught Error: syntax error, unexpected token "public"
  Backtrace :
  .\plugins\suggest\src\Chat.php:23                  
  .\src\Plugin.php:2065                              include_once()
  .\src\Plugin.php:2067                              Plugin->{closure}()
  .\src\Plugin.php:1974                              Plugin->loadPluginSetupFile()
  .\src\Plugin.php:758                               Plugin->getInformationsFromDirectory()
  .\src\Plugin.php:816                               Plugin->getPluginInformation()
  .\src\Plugin.php:748                               Plugin->checkPluginState()
  ...ener\PostBootListener\CheckPluginsStates.php:67 Plugin->checkStates()
  ...ymfony\event-dispatcher\EventDispatcher.php:260 Glpi\Kernel\Listener\PostBootListener\CheckPluginsStates->onPostBoot()
  ...ymfony\event-dispatcher\EventDispatcher.php:220 Symfony\Component\EventDispatcher\EventDispatcher::Symfony\Component\EventDispatcher\{closure}()
  ...symfony\event-dispatcher\EventDispatcher.php:56 Symfony\Component\EventDispatcher\EventDispatcher->callListeners()
  .\src\Glpi\Kernel\Kernel.php:149                   Symfony\Component\EventDispatcher\EventDispatcher->dispatch()
  .\vendor\symfony\http-kernel\Kernel.php:192        Glpi\Kernel\Kernel->boot()
  .\public\index.php:70                              Symfony\Component\HttpKernel\Kernel->handle()

[2026-03-23 11:42:31] glpi.ALERT:   *** Uncaught Error: syntax error, unexpected token "public"
  Backtrace :
  .\plugins\suggest\src\Chat.php:23                  
  .\src\Plugin.php:2065                              include_once()
  .\src\Plugin.php:2067                              Plugin->{closure}()
  .\src\Plugin.php:1974                              Plugin->loadPluginSetupFile()
  .\src\Plugin.php:758                               Plugin->getInformationsFromDirectory()
  .\src\Plugin.php:816                               Plugin->getPluginInformation()
  .\src\Plugin.php:748                               Plugin->checkPluginState()
  ...ener\PostBootListener\CheckPluginsStates.php:67 Plugin->checkStates()
  ...ymfony\event-dispatcher\EventDispatcher.php:260 Glpi\Kernel\Listener\PostBootListener\CheckPluginsStates->onPostBoot()
  ...ymfony\event-dispatcher\EventDispatcher.php:220 Symfony\Component\EventDispatcher\EventDispatcher::Symfony\Component\EventDispatcher\{closure}()
  ...symfony\event-dispatcher\EventDispatcher.php:56 Symfony\Component\EventDispatcher\EventDispatcher->callListeners()
  .\src\Glpi\Kernel\Kernel.php:149                   Symfony\Component\EventDispatcher\EventDispatcher->dispatch()
  .\vendor\symfony\http-kernel\Kernel.php:192        Glpi\Kernel\Kernel->boot()
  .\public\index.php:70                              Symfony\Component\HttpKernel\Kernel->handle()

[2026-03-23 11:42:50] glpi.ALERT:   *** Uncaught Error: syntax error, unexpected token "public"
  Backtrace :
  .\plugins\suggest\src\Chat.php:23                  
  .\src\Plugin.php:2065                              include_once()
  .\src\Plugin.php:2067                              Plugin->{closure}()
  .\src\Plugin.php:1974                              Plugin->loadPluginSetupFile()
  .\src\Plugin.php:758                               Plugin->getInformationsFromDirectory()
  .\src\Plugin.php:816                               Plugin->getPluginInformation()
  .\src\Plugin.php:748                               Plugin->checkPluginState()
  ...ener\PostBootListener\CheckPluginsStates.php:67 Plugin->checkStates()
  ...ymfony\event-dispatcher\EventDispatcher.php:260 Glpi\Kernel\Listener\PostBootListener\CheckPluginsStates->onPostBoot()
  ...ymfony\event-dispatcher\EventDispatcher.php:220 Symfony\Component\EventDispatcher\EventDispatcher::Symfony\Component\EventDispatcher\{closure}()
  ...symfony\event-dispatcher\EventDispatcher.php:56 Symfony\Component\EventDispatcher\EventDispatcher->callListeners()
  .\src\Glpi\Kernel\Kernel.php:149                   Symfony\Component\EventDispatcher\EventDispatcher->dispatch()
  .\vendor\symfony\http-kernel\Kernel.php:192        Glpi\Kernel\Kernel->boot()
  .\public\index.php:70                              Symfony\Component\HttpKernel\Kernel->handle()

[2026-03-23 11:45:27] glpi.CRITICAL:   *** Uncaught PHP Exception Exception: "Executing direct queries is not allowed!" at DBmysql.php line 364
  Backtrace :
  .\src\DBmysql.php:364                              
  .\plugins\suggest\ajax\chat.php:43                 DBmysql->query()
  ...Glpi\Controller\LegacyFileLoadController.php:64 require()
  .\vendor\symfony\http-kernel\HttpKernel.php:181    Glpi\Controller\LegacyFileLoadController->__invoke()
  .\vendor\symfony\http-kernel\HttpKernel.php:76     Symfony\Component\HttpKernel\HttpKernel->handleRaw()
  .\vendor\symfony\http-kernel\Kernel.php:197        Symfony\Component\HttpKernel\HttpKernel->handle()
  .\public\index.php:70                              Symfony\Component\HttpKernel\Kernel->handle()

[2026-03-23 11:46:55] glpi.CRITICAL:   *** Uncaught PHP Exception Exception: "Executing direct queries is not allowed!" at DBmysql.php line 364
  Backtrace :
  .\src\DBmysql.php:364                              
  .\plugins\suggest\ajax\chat.php:43                 DBmysql->query()
  ...Glpi\Controller\LegacyFileLoadController.php:64 require()
  .\vendor\symfony\http-kernel\HttpKernel.php:181    Glpi\Controller\LegacyFileLoadController->__invoke()
  .\vendor\symfony\http-kernel\HttpKernel.php:76     Symfony\Component\HttpKernel\HttpKernel->handleRaw()
  .\vendor\symfony\http-kernel\Kernel.php:197        Symfony\Component\HttpKernel\HttpKernel->handle()
  .\public\index.php:70                              Symfony\Component\HttpKernel\Kernel->handle()

[2026-03-23 11:47:45] glpi.CRITICAL:   *** Uncaught PHP Exception Exception: "Executing direct queries is not allowed!" at DBmysql.php line 364
  Backtrace :
  .\src\DBmysql.php:364                              
  .\plugins\suggest\ajax\chat.php:43                 DBmysql->query()
  ...Glpi\Controller\LegacyFileLoadController.php:64 require()
  .\vendor\symfony\http-kernel\HttpKernel.php:181    Glpi\Controller\LegacyFileLoadController->__invoke()
  .\vendor\symfony\http-kernel\HttpKernel.php:76     Symfony\Component\HttpKernel\HttpKernel->handleRaw()
  .\vendor\symfony\http-kernel\Kernel.php:197        Symfony\Component\HttpKernel\HttpKernel->handle()
  .\public\index.php:70                              Symfony\Component\HttpKernel\Kernel->handle()

[2026-03-23 11:51:05] glpi.CRITICAL:   *** Uncaught PHP Exception InvalidArgumentException: "Building and executing raw queries with the `DBmysqlIterator::execute()` method is prohibited." at DBmysqlIterator.php line 929
  Backtrace :
  .\src\DBmysqlIterator.php:929                      
  .\src\DBmysqlIterator.php:122                      DBmysqlIterator->convertOldRequestArgsToCriteria()
  .\src\DBmysql.php:1061                             DBmysqlIterator->execute()
  .\plugins\suggest\ajax\chat.php:43                 DBmysql->request()
  ...Glpi\Controller\LegacyFileLoadController.php:64 require()
  .\vendor\symfony\http-kernel\HttpKernel.php:181    Glpi\Controller\LegacyFileLoadController->__invoke()
  .\vendor\symfony\http-kernel\HttpKernel.php:76     Symfony\Component\HttpKernel\HttpKernel->handleRaw()
  .\vendor\symfony\http-kernel\Kernel.php:197        Symfony\Component\HttpKernel\HttpKernel->handle()
  .\public\index.php:70                              Symfony\Component\HttpKernel\Kernel->handle()

[2026-03-23 11:54:24] glpi.CRITICAL:   *** Uncaught PHP Exception RuntimeException: "MySQL query error: Unknown column 'content' in 'field list' (1054) in SQL query "SELECT `name`, `answer`, `content` FROM `glpi_knowbaseitems` WHERE ((`name` LIKE '%yes%') OR (`answer` LIKE '%yes%') OR (`content` LIKE '%yes%')) AND ((`is_faq` = '1' OR `entities_id` = '0')) LIMIT 3"." at DBmysql.php line 392
  Backtrace :
  .\src\DBmysql.php:392                              
  .\src\DBmysqlIterator.php:125                      DBmysql->doQuery()
  .\src\DBmysql.php:1061                             DBmysqlIterator->execute()
  .\plugins\suggest\ajax\chat.php:37                 DBmysql->request()
  ...Glpi\Controller\LegacyFileLoadController.php:64 require()
  .\vendor\symfony\http-kernel\HttpKernel.php:181    Glpi\Controller\LegacyFileLoadController->__invoke()
  .\vendor\symfony\http-kernel\HttpKernel.php:76     Symfony\Component\HttpKernel\HttpKernel->handleRaw()
  .\vendor\symfony\http-kernel\Kernel.php:197        Symfony\Component\HttpKernel\HttpKernel->handle()
  .\public\index.php:70                              Symfony\Component\HttpKernel\Kernel->handle()

[2026-03-23 11:55:18] glpi.CRITICAL:   *** Uncaught PHP Exception RuntimeException: "MySQL query error: Unknown column 'content' in 'field list' (1054) in SQL query "SELECT `name`, `answer`, `content` FROM `glpi_knowbaseitems` WHERE ((`name` LIKE '%yes%') OR (`answer` LIKE '%yes%') OR (`content` LIKE '%yes%')) AND ((`is_faq` = '1' OR `entities_id` = '0')) LIMIT 3"." at DBmysql.php line 392
  Backtrace :
  .\src\DBmysql.php:392                              
  .\src\DBmysqlIterator.php:125                      DBmysql->doQuery()
  .\src\DBmysql.php:1061                             DBmysqlIterator->execute()
  .\plugins\suggest\ajax\chat.php:37                 DBmysql->request()
  ...Glpi\Controller\LegacyFileLoadController.php:64 require()
  .\vendor\symfony\http-kernel\HttpKernel.php:181    Glpi\Controller\LegacyFileLoadController->__invoke()
  .\vendor\symfony\http-kernel\HttpKernel.php:76     Symfony\Component\HttpKernel\HttpKernel->handleRaw()
  .\vendor\symfony\http-kernel\Kernel.php:197        Symfony\Component\HttpKernel\HttpKernel->handle()
  .\public\index.php:70                              Symfony\Component\HttpKernel\Kernel->handle()

[2026-03-26 10:58:29] glpi.WARNING:   *** Warning: Undefined array key "entities_id" at CommonITILObject.php line 8361
  Backtrace :
  .\src\CommonITILObject.php:8361                    
  .\src\CommonITILObject.php:2369                    CommonITILObject->getITILTemplateFromInput()
  .\front\ticket.form.php:89                         CommonITILObject->enforceReadonlyFields()
  ...Glpi\Controller\LegacyFileLoadController.php:64 require()
  .\vendor\symfony\http-kernel\HttpKernel.php:181    Glpi\Controller\LegacyFileLoadController->__invoke()
  .\vendor\symfony\http-kernel\HttpKernel.php:76     Symfony\Component\HttpKernel\HttpKernel->handleRaw()
  .\vendor\symfony\http-kernel\Kernel.php:197        Symfony\Component\HttpKernel\HttpKernel->handle()
  .\public\index.php:70                              Symfony\Component\HttpKernel\Kernel->handle()

[2026-04-01 08:29:48] glpi.WARNING:   *** Warning: Undefined array key "entities_id" at CommonITILObject.php line 8361
  Backtrace :
  .\src\CommonITILObject.php:8361                    
  .\src\CommonITILObject.php:2369                    CommonITILObject->getITILTemplateFromInput()
  .\front\ticket.form.php:89                         CommonITILObject->enforceReadonlyFields()
  ...Glpi\Controller\LegacyFileLoadController.php:64 require()
  .\vendor\symfony\http-kernel\HttpKernel.php:181    Glpi\Controller\LegacyFileLoadController->__invoke()
  .\vendor\symfony\http-kernel\HttpKernel.php:76     Symfony\Component\HttpKernel\HttpKernel->handleRaw()
  .\vendor\symfony\http-kernel\Kernel.php:197        Symfony\Component\HttpKernel\HttpKernel->handle()
  .\public\index.php:70                              Symfony\Component\HttpKernel\Kernel->handle()

[2026-04-01 08:48:49] glpi.ERROR:   *** Caught Laminas\Mail\Storage\Exception\RuntimeException: cannot login, user or password wrong
  Backtrace :
  ...r\laminas\laminas-mail\src\Storage\Imap.php:243 
  .\src\Toolbox.php:2025                             Laminas\Mail\Storage\Imap->__construct()
  .\src\MailCollector.php:1294                       Toolbox::getMailServerStorageInstance()
  .\src\MailCollector.php:593                        MailCollector->connect()
  ...temType\Form\MailCollectorFormController.php:56 MailCollector->collect()
  .\vendor\symfony\http-kernel\HttpKernel.php:181    Glpi\Controller\ItemType\Form\MailCollectorFormController->__invoke()
  .\vendor\symfony\http-kernel\HttpKernel.php:76     Symfony\Component\HttpKernel\HttpKernel->handleRaw()
  .\vendor\symfony\http-kernel\Kernel.php:197        Symfony\Component\HttpKernel\HttpKernel->handle()
  .\public\index.php:70                              Symfony\Component\HttpKernel\Kernel->handle()

[2026-04-01 09:09:03] glpi.ERROR:   *** Caught Laminas\Mail\Storage\Exception\RuntimeException: cannot login, user or password wrong
  Backtrace :
  ...r\laminas\laminas-mail\src\Storage\Imap.php:243 
  .\src\Toolbox.php:2025                             Laminas\Mail\Storage\Imap->__construct()
  .\src\MailCollector.php:1294                       Toolbox::getMailServerStorageInstance()
  .\src\MailCollector.php:593                        MailCollector->connect()
  ...temType\Form\MailCollectorFormController.php:56 MailCollector->collect()
  .\vendor\symfony\http-kernel\HttpKernel.php:181    Glpi\Controller\ItemType\Form\MailCollectorFormController->__invoke()
  .\vendor\symfony\http-kernel\HttpKernel.php:76     Symfony\Component\HttpKernel\HttpKernel->handleRaw()
  .\vendor\symfony\http-kernel\Kernel.php:197        Symfony\Component\HttpKernel\HttpKernel->handle()
  .\public\index.php:70                              Symfony\Component\HttpKernel\Kernel->handle()

[2026-04-20 08:30:13] glpi.ERROR:   *** Caught Laminas\Mail\Storage\Exception\RuntimeException: cannot login, user or password wrong
  Backtrace :
  ...r\laminas\laminas-mail\src\Storage\Imap.php:243 
  .\src\Toolbox.php:2025                             Laminas\Mail\Storage\Imap->__construct()
  .\src\MailCollector.php:1294                       Toolbox::getMailServerStorageInstance()
  .\src\MailCollector.php:593                        MailCollector->connect()
  .\src\MailCollector.php:1827                       MailCollector->collect()
  .\src\CronTask.php:897                             MailCollector::cronMailgate()
  .\front\cron.php:165                               CronTask::launch()
  .\vendor\symfony\http-kernel\HttpKernel.php:101    Glpi\Controller\LegacyFileLoadController->{closure}()
  ...ymfony\http-foundation\StreamedResponse.php:106 Symfony\Component\HttpKernel\HttpKernel::Symfony\Component\HttpKernel\{closure}()
  .\vendor\symfony\http-foundation\Response.php:423  Symfony\Component\HttpFoundation\StreamedResponse->sendContent()
  .\src\Glpi\Kernel\Kernel.php:295                   Symfony\Component\HttpFoundation\Response->send()
  .\public\index.php:72                              Glpi\Kernel\Kernel->sendResponse()

[2026-05-08 11:21:20] glpi.ERROR:   *** Caught Laminas\Mail\Storage\Exception\RuntimeException: cannot login, user or password wrong
  Backtrace :
  ...r\laminas\laminas-mail\src\Storage\Imap.php:243 
  .\src\Toolbox.php:2025                             Laminas\Mail\Storage\Imap->__construct()
  .\src\MailCollector.php:1294                       Toolbox::getMailServerStorageInstance()
  .\src\MailCollector.php:593                        MailCollector->connect()
  ...temType\Form\MailCollectorFormController.php:56 MailCollector->collect()
  .\vendor\symfony\http-kernel\HttpKernel.php:181    Glpi\Controller\ItemType\Form\MailCollectorFormController->__invoke()
  .\vendor\symfony\http-kernel\HttpKernel.php:76     Symfony\Component\HttpKernel\HttpKernel->handleRaw()
  .\vendor\symfony\http-kernel\Kernel.php:197        Symfony\Component\HttpKernel\HttpKernel->handle()
  .\public\index.php:70                              Symfony\Component\HttpKernel\Kernel->handle()

[2026-05-08 11:22:03] glpi.ERROR:   *** Caught Laminas\Mail\Storage\Exception\RuntimeException: cannot login, user or password wrong
  Backtrace :
  ...r\laminas\laminas-mail\src\Storage\Imap.php:243 
  .\src\Toolbox.php:2025                             Laminas\Mail\Storage\Imap->__construct()
  .\src\MailCollector.php:1294                       Toolbox::getMailServerStorageInstance()
  .\src\MailCollector.php:593                        MailCollector->connect()
  ...temType\Form\MailCollectorFormController.php:56 MailCollector->collect()
  .\vendor\symfony\http-kernel\HttpKernel.php:181    Glpi\Controller\ItemType\Form\MailCollectorFormController->__invoke()
  .\vendor\symfony\http-kernel\HttpKernel.php:76     Symfony\Component\HttpKernel\HttpKernel->handleRaw()
  .\vendor\symfony\http-kernel\Kernel.php:197        Symfony\Component\HttpKernel\HttpKernel->handle()
  .\public\index.php:70                              Symfony\Component\HttpKernel\Kernel->handle()

[2026-05-13 07:04:22] glpi.ERROR:   *** Caught Laminas\Mail\Storage\Exception\RuntimeException: cannot login, user or password wrong
  Backtrace :
  ...r\laminas\laminas-mail\src\Storage\Imap.php:243 
  .\src\Toolbox.php:2025                             Laminas\Mail\Storage\Imap->__construct()
  .\src\MailCollector.php:1294                       Toolbox::getMailServerStorageInstance()
  .\src\MailCollector.php:593                        MailCollector->connect()
  ...temType\Form\MailCollectorFormController.php:56 MailCollector->collect()
  .\vendor\symfony\http-kernel\HttpKernel.php:181    Glpi\Controller\ItemType\Form\MailCollectorFormController->__invoke()
  .\vendor\symfony\http-kernel\HttpKernel.php:76     Symfony\Component\HttpKernel\HttpKernel->handleRaw()
  .\vendor\symfony\http-kernel\Kernel.php:197        Symfony\Component\HttpKernel\HttpKernel->handle()
  .\public\index.php:70                              Symfony\Component\HttpKernel\Kernel->handle()

[2026-05-13 07:09:20] glpi.ERROR:   *** Caught Laminas\Mail\Protocol\Exception\RuntimeException: cannot read - connection closed?
  Backtrace :
  ...\laminas\laminas-mail\src\Protocol\Imap.php:143 
  ...\laminas\laminas-mail\src\Protocol\Imap.php:158 Laminas\Mail\Protocol\Imap->nextLine()
  ...\laminas\laminas-mail\src\Protocol\Imap.php:120 Laminas\Mail\Protocol\Imap->assumedNextLine()
  ...r\laminas\laminas-mail\src\Storage\Imap.php:241 Laminas\Mail\Protocol\Imap->connect()
  .\src\Toolbox.php:2025                             Laminas\Mail\Storage\Imap->__construct()
  .\src\MailCollector.php:1294                       Toolbox::getMailServerStorageInstance()
  .\src\MailCollector.php:593                        MailCollector->connect()
  ...temType\Form\MailCollectorFormController.php:56 MailCollector->collect()
  .\vendor\symfony\http-kernel\HttpKernel.php:181    Glpi\Controller\ItemType\Form\MailCollectorFormController->__invoke()
  .\vendor\symfony\http-kernel\HttpKernel.php:76     Symfony\Component\HttpKernel\HttpKernel->handleRaw()
  .\vendor\symfony\http-kernel\Kernel.php:197        Symfony\Component\HttpKernel\HttpKernel->handle()
  .\public\index.php:70                              Symfony\Component\HttpKernel\Kernel->handle()

[2026-05-15 12:14:29] glpi.WARNING:   *** Test logger
[2026-05-15 12:19:29] glpi.CRITICAL:   *** Uncaught PHP Exception Symfony\Component\ErrorHandler\Error\FatalError: "Error: Maximum execution time of 300 seconds exceeded" at SourceCodeIntegrityChecker.php line 170
  Backtrace :
  ...m\Diagnostic\SourceCodeIntegrityChecker.php:170 

[2026-05-26 08:29:28] glpi.WARNING:   *** User Warning: Missing required intl PHP extension at Session.php line 856
  Backtrace :
  .\src\Session.php:856                              
  ...l\Listener\PostBootListener\LoadLanguage.php:56 Session::loadLanguage()
  ...ymfony\event-dispatcher\EventDispatcher.php:260 Glpi\Kernel\Listener\PostBootListener\LoadLanguage->onPostBoot()
  ...ymfony\event-dispatcher\EventDispatcher.php:220 Symfony\Component\EventDispatcher\EventDispatcher::Symfony\Component\EventDispatcher\{closure}()
  ...symfony\event-dispatcher\EventDispatcher.php:56 Symfony\Component\EventDispatcher\EventDispatcher->callListeners()
  .\src\Glpi\Kernel\Kernel.php:149                   Symfony\Component\EventDispatcher\EventDispatcher->dispatch()
  .\vendor\symfony\http-kernel\Kernel.php:192        Glpi\Kernel\Kernel->boot()
  .\public\index.php:70                              Symfony\Component\HttpKernel\Kernel->handle()

[2026-05-26 08:29:44] glpi.WARNING:   *** User Warning: Missing required intl PHP extension at Session.php line 856
  Backtrace :
  .\src\Session.php:856                              
  ...l\Listener\PostBootListener\LoadLanguage.php:56 Session::loadLanguage()
  ...ymfony\event-dispatcher\EventDispatcher.php:260 Glpi\Kernel\Listener\PostBootListener\LoadLanguage->onPostBoot()
  ...ymfony\event-dispatcher\EventDispatcher.php:220 Symfony\Component\EventDispatcher\EventDispatcher::Symfony\Component\EventDispatcher\{closure}()
  ...symfony\event-dispatcher\EventDispatcher.php:56 Symfony\Component\EventDispatcher\EventDispatcher->callListeners()
  .\src\Glpi\Kernel\Kernel.php:149                   Symfony\Component\EventDispatcher\EventDispatcher->dispatch()
  .\vendor\symfony\http-kernel\Kernel.php:192        Glpi\Kernel\Kernel->boot()
  .\public\index.php:70                              Symfony\Component\HttpKernel\Kernel->handle()

[2026-05-26 08:29:44] glpi.WARNING:   *** User Warning: Missing required intl PHP extension at Session.php line 856
  Backtrace :
  .\src\Session.php:856                              
  ...l\Listener\PostBootListener\LoadLanguage.php:56 Session::loadLanguage()
  ...ymfony\event-dispatcher\EventDispatcher.php:260 Glpi\Kernel\Listener\PostBootListener\LoadLanguage->onPostBoot()
  ...ymfony\event-dispatcher\EventDispatcher.php:220 Symfony\Component\EventDispatcher\EventDispatcher::Symfony\Component\EventDispatcher\{closure}()
  ...symfony\event-dispatcher\EventDispatcher.php:56 Symfony\Component\EventDispatcher\EventDispatcher->callListeners()
  .\src\Glpi\Kernel\Kernel.php:149                   Symfony\Component\EventDispatcher\EventDispatcher->dispatch()
  .\vendor\symfony\http-kernel\Kernel.php:192        Glpi\Kernel\Kernel->boot()
  .\public\index.php:70                              Symfony\Component\HttpKernel\Kernel->handle()

[2026-05-26 08:29:50] glpi.WARNING:   *** User Warning: Missing required intl PHP extension at Session.php line 856
  Backtrace :
  .\src\Session.php:856                              
  ...l\Listener\PostBootListener\LoadLanguage.php:56 Session::loadLanguage()
  ...ymfony\event-dispatcher\EventDispatcher.php:260 Glpi\Kernel\Listener\PostBootListener\LoadLanguage->onPostBoot()
  ...ymfony\event-dispatcher\EventDispatcher.php:220 Symfony\Component\EventDispatcher\EventDispatcher::Symfony\Component\EventDispatcher\{closure}()
  ...symfony\event-dispatcher\EventDispatcher.php:56 Symfony\Component\EventDispatcher\EventDispatcher->callListeners()
  .\src\Glpi\Kernel\Kernel.php:149                   Symfony\Component\EventDispatcher\EventDispatcher->dispatch()
  .\vendor\symfony\http-kernel\Kernel.php:192        Glpi\Kernel\Kernel->boot()
  .\public\index.php:70                              Symfony\Component\HttpKernel\Kernel->handle()

[2026-05-26 08:29:53] glpi.WARNING:   *** User Warning: Missing required intl PHP extension at Session.php line 856
  Backtrace :
  .\src\Session.php:856                              
  ...l\Listener\PostBootListener\LoadLanguage.php:56 Session::loadLanguage()
  ...ymfony\event-dispatcher\EventDispatcher.php:260 Glpi\Kernel\Listener\PostBootListener\LoadLanguage->onPostBoot()
  ...ymfony\event-dispatcher\EventDispatcher.php:220 Symfony\Component\EventDispatcher\EventDispatcher::Symfony\Component\EventDispatcher\{closure}()
  ...symfony\event-dispatcher\EventDispatcher.php:56 Symfony\Component\EventDispatcher\EventDispatcher->callListeners()
  .\src\Glpi\Kernel\Kernel.php:149                   Symfony\Component\EventDispatcher\EventDispatcher->dispatch()
  .\vendor\symfony\http-kernel\Kernel.php:192        Glpi\Kernel\Kernel->boot()
  .\public\index.php:70                              Symfony\Component\HttpKernel\Kernel->handle()

[2026-05-26 08:29:55] glpi.WARNING:   *** User Warning: Missing required intl PHP extension at Session.php line 856
  Backtrace :
  .\src\Session.php:856                              
  ...l\Listener\PostBootListener\LoadLanguage.php:56 Session::loadLanguage()
  ...ymfony\event-dispatcher\EventDispatcher.php:260 Glpi\Kernel\Listener\PostBootListener\LoadLanguage->onPostBoot()
  ...ymfony\event-dispatcher\EventDispatcher.php:220 Symfony\Component\EventDispatcher\EventDispatcher::Symfony\Component\EventDispatcher\{closure}()
  ...symfony\event-dispatcher\EventDispatcher.php:56 Symfony\Component\EventDispatcher\EventDispatcher->callListeners()
  .\src\Glpi\Kernel\Kernel.php:149                   Symfony\Component\EventDispatcher\EventDispatcher->dispatch()
  .\vendor\symfony\http-kernel\Kernel.php:192        Glpi\Kernel\Kernel->boot()
  .\public\index.php:70                              Symfony\Component\HttpKernel\Kernel->handle()

[2026-05-26 08:29:56] glpi.WARNING:   *** User Warning: Missing required intl PHP extension at Session.php line 856
  Backtrace :
  .\src\Session.php:856                              
  ...l\Listener\PostBootListener\LoadLanguage.php:56 Session::loadLanguage()
  ...ymfony\event-dispatcher\EventDispatcher.php:260 Glpi\Kernel\Listener\PostBootListener\LoadLanguage->onPostBoot()
  ...ymfony\event-dispatcher\EventDispatcher.php:220 Symfony\Component\EventDispatcher\EventDispatcher::Symfony\Component\EventDispatcher\{closure}()
  ...symfony\event-dispatcher\EventDispatcher.php:56 Symfony\Component\EventDispatcher\EventDispatcher->callListeners()
  .\src\Glpi\Kernel\Kernel.php:149                   Symfony\Component\EventDispatcher\EventDispatcher->dispatch()
  .\vendor\symfony\http-kernel\Kernel.php:192        Glpi\Kernel\Kernel->boot()
  .\public\index.php:70                              Symfony\Component\HttpKernel\Kernel->handle()

[2026-05-26 08:30:00] glpi.WARNING:   *** User Warning: Missing required intl PHP extension at Session.php line 856
  Backtrace :
  .\src\Session.php:856                              
  ...l\Listener\PostBootListener\LoadLanguage.php:56 Session::loadLanguage()
  ...ymfony\event-dispatcher\EventDispatcher.php:260 Glpi\Kernel\Listener\PostBootListener\LoadLanguage->onPostBoot()
  ...ymfony\event-dispatcher\EventDispatcher.php:220 Symfony\Component\EventDispatcher\EventDispatcher::Symfony\Component\EventDispatcher\{closure}()
  ...symfony\event-dispatcher\EventDispatcher.php:56 Symfony\Component\EventDispatcher\EventDispatcher->callListeners()
  .\src\Glpi\Kernel\Kernel.php:149                   Symfony\Component\EventDispatcher\EventDispatcher->dispatch()
  .\vendor\symfony\http-kernel\Kernel.php:192        Glpi\Kernel\Kernel->boot()
  .\public\index.php:70                              Symfony\Component\HttpKernel\Kernel->handle()

[2026-05-26 08:30:03] glpi.WARNING:   *** User Warning: Missing required intl PHP extension at Session.php line 856
  Backtrace :
  .\src\Session.php:856                              
  .\src\Session.php:202                              Session::loadLanguage()
  .\src\Auth.php:1151                                Session::init()
  .\front\login.php:69                               Auth->login()
  ...Glpi\Controller\LegacyFileLoadController.php:64 require()
  .\vendor\symfony\http-kernel\HttpKernel.php:181    Glpi\Controller\LegacyFileLoadController->__invoke()
  .\vendor\symfony\http-kernel\HttpKernel.php:76     Symfony\Component\HttpKernel\HttpKernel->handleRaw()
  .\vendor\symfony\http-kernel\Kernel.php:197        Symfony\Component\HttpKernel\HttpKernel->handle()
  .\public\index.php:70                              Symfony\Component\HttpKernel\Kernel->handle()

[2026-05-26 08:30:07] glpi.WARNING:   *** User Warning: Missing required intl PHP extension at Session.php line 856
  Backtrace :
  .\src\Session.php:856                              
  ...l\Listener\PostBootListener\LoadLanguage.php:56 Session::loadLanguage()
  ...ymfony\event-dispatcher\EventDispatcher.php:260 Glpi\Kernel\Listener\PostBootListener\LoadLanguage->onPostBoot()
  ...ymfony\event-dispatcher\EventDispatcher.php:220 Symfony\Component\EventDispatcher\EventDispatcher::Symfony\Component\EventDispatcher\{closure}()
  ...symfony\event-dispatcher\EventDispatcher.php:56 Symfony\Component\EventDispatcher\EventDispatcher->callListeners()
  .\src\Glpi\Kernel\Kernel.php:149                   Symfony\Component\EventDispatcher\EventDispatcher->dispatch()
  .\vendor\symfony\http-kernel\Kernel.php:192        Glpi\Kernel\Kernel->boot()
  .\public\index.php:70                              Symfony\Component\HttpKernel\Kernel->handle()

[2026-05-26 08:30:25] glpi.CRITICAL:   *** Uncaught PHP Exception Twig\Error\RuntimeError: "An exception has been thrown during the rendering of a template ("Class "Normalizer" not found") in "layout/parts/user_header.html.twig" at line 44." at user_header.html.twig line 44
  Backtrace :
  ...templates\layout\parts\user_header.html.twig:44 
  .\vendor\twig\twig\src\Template.php:358            Twig\Template->yield()
  .\vendor\twig\twig\src\Template.php:373            Twig\Template->display()
  .\vendor\twig\twig\src\TemplateWrapper.php:51      Twig\Template->render()
  ...\twig\twig\src\Extension\CoreExtension.php:1520 Twig\TemplateWrapper->render()
  ...tes\36\3686e331624595bffea4cff7690af24b.php:136 Twig\Extension\CoreExtension::include()
  .\vendor\twig\twig\src\Template.php:402            __TwigTemplate_83fefe2249eb927be672fb1815787db5->doDisplay()
  .\vendor\twig\twig\src\Template.php:358            Twig\Template->yield()
  .\vendor\twig\twig\src\TemplateWrapper.php:61      Twig\Template->display()
  ...\Glpi\Application\View\TemplateRenderer.php:188 Twig\TemplateWrapper->display()
  .\src\Html.php:1656                                Glpi\Application\View\TemplateRenderer->display()
  :                                                  Html::header()
  ...Application\View\Extension\PhpExtension.php:105 call_user_func_array()
  ...ates\e3\e32cee38ac257ddfbf06b8cecf01e1fb.php:53 Glpi\Application\View\Extension\PhpExtension->call()
  .\vendor\twig\twig\src\Template.php:402            __TwigTemplate_0eeba608cafbc545d4fecb970a9d6ec7->doDisplay()
  ...ates\3c\3cc3313e1a3cc75fe0fede8c58d5346b.php:52 Twig\Template->yield()
  .\vendor\twig\twig\src\Template.php:402            __TwigTemplate_10fa7b9afa61a0dddc4acae59e420713->doDisplay()
  .\vendor\twig\twig\src\Template.php:358            Twig\Template->yield()
  .\vendor\twig\twig\src\Template.php:373            Twig\Template->display()
  .\vendor\twig\twig\src\TemplateWrapper.php:51      Twig\Template->render()
  ...\Glpi\Application\View\TemplateRenderer.php:170 Twig\TemplateWrapper->render()
  .\src\Glpi\Controller\AbstractController.php:68    Glpi\Application\View\TemplateRenderer->render()
  .\src\Glpi\Controller\CentralController.php:75     Glpi\Controller\AbstractController->render()
  .\vendor\symfony\http-kernel\HttpKernel.php:181    Glpi\Controller\CentralController->__invoke()
  .\vendor\symfony\http-kernel\HttpKernel.php:76     Symfony\Component\HttpKernel\HttpKernel->handleRaw()
  .\vendor\symfony\http-kernel\Kernel.php:197        Symfony\Component\HttpKernel\HttpKernel->handle()
  .\public\index.php:70                              Symfony\Component\HttpKernel\Kernel->handle()
  Previous: Class "Normalizer" not found
  ...dor\symfony\string\AbstractUnicodeString.php:31 
  ...ates\81\814e8899ee50aa4fa1bb06a6d84f1a46.php:73 Twig\Extra\String\StringExtension->createUnicodeString()
  .\vendor\twig\twig\src\Template.php:402            __TwigTemplate_21510ba3c34b060767ab9d976fdb532b->doDisplay()
  .\vendor\twig\twig\src\Template.php:358            Twig\Template->yield()
  .\vendor\twig\twig\src\Template.php:373            Twig\Template->display()
  .\vendor\twig\twig\src\TemplateWrapper.php:51      Twig\Template->render()
  ...\twig\twig\src\Extension\CoreExtension.php:1520 Twig\TemplateWrapper->render()
  ...tes\36\3686e331624595bffea4cff7690af24b.php:136 Twig\Extension\CoreExtension::include()
  .\vendor\twig\twig\src\Template.php:402            __TwigTemplate_83fefe2249eb927be672fb1815787db5->doDisplay()
  .\vendor\twig\twig\src\Template.php:358            Twig\Template->yield()
  .\vendor\twig\twig\src\TemplateWrapper.php:61      Twig\Template->display()
  ...\Glpi\Application\View\TemplateRenderer.php:188 Twig\TemplateWrapper->display()
  .\src\Html.php:1656                                Glpi\Application\View\TemplateRenderer->display()
  :                                                  Html::header()
  ...Application\View\Extension\PhpExtension.php:105 call_user_func_array()
  ...ates\e3\e32cee38ac257ddfbf06b8cecf01e1fb.php:53 Glpi\Application\View\Extension\PhpExtension->call()
  .\vendor\twig\twig\src\Template.php:402            __TwigTemplate_0eeba608cafbc545d4fecb970a9d6ec7->doDisplay()
  ...ates\3c\3cc3313e1a3cc75fe0fede8c58d5346b.php:52 Twig\Template->yield()
  .\vendor\twig\twig\src\Template.php:402            __TwigTemplate_10fa7b9afa61a0dddc4acae59e420713->doDisplay()
  .\vendor\twig\twig\src\Template.php:358            Twig\Template->yield()
  .\vendor\twig\twig\src\Template.php:373            Twig\Template->display()
  .\vendor\twig\twig\src\TemplateWrapper.php:51      Twig\Template->render()
  ...\Glpi\Application\View\TemplateRenderer.php:170 Twig\TemplateWrapper->render()
  .\src\Glpi\Controller\AbstractController.php:68    Glpi\Application\View\TemplateRenderer->render()
  .\src\Glpi\Controller\CentralController.php:75     Glpi\Controller\AbstractController->render()
  .\vendor\symfony\http-kernel\HttpKernel.php:181    Glpi\Controller\CentralController->__invoke()
  .\vendor\symfony\http-kernel\HttpKernel.php:76     Symfony\Component\HttpKernel\HttpKernel->handleRaw()
  .\vendor\symfony\http-kernel\Kernel.php:197        Symfony\Component\HttpKernel\HttpKernel->handle()
  .\public\index.php:70                              Symfony\Component\HttpKernel\Kernel->handle()

[2026-05-26 08:33:14] glpi.WARNING:   *** User Warning: Missing required intl PHP extension at Session.php line 856
  Backtrace :
  .\src\Session.php:856                              
  ...l\Listener\PostBootListener\LoadLanguage.php:56 Session::loadLanguage()
  ...ymfony\event-dispatcher\EventDispatcher.php:260 Glpi\Kernel\Listener\PostBootListener\LoadLanguage->onPostBoot()
  ...ymfony\event-dispatcher\EventDispatcher.php:220 Symfony\Component\EventDispatcher\EventDispatcher::Symfony\Component\EventDispatcher\{closure}()
  ...symfony\event-dispatcher\EventDispatcher.php:56 Symfony\Component\EventDispatcher\EventDispatcher->callListeners()
  .\src\Glpi\Kernel\Kernel.php:149                   Symfony\Component\EventDispatcher\EventDispatcher->dispatch()
  .\vendor\symfony\http-kernel\Kernel.php:192        Glpi\Kernel\Kernel->boot()
  .\public\index.php:70                              Symfony\Component\HttpKernel\Kernel->handle()

[2026-05-26 08:33:15] glpi.WARNING:   *** User Warning: Missing required intl PHP extension at Session.php line 856
  Backtrace :
  .\src\Session.php:856                              
  ...l\Listener\PostBootListener\LoadLanguage.php:56 Session::loadLanguage()
  ...ymfony\event-dispatcher\EventDispatcher.php:260 Glpi\Kernel\Listener\PostBootListener\LoadLanguage->onPostBoot()
  ...ymfony\event-dispatcher\EventDispatcher.php:220 Symfony\Component\EventDispatcher\EventDispatcher::Symfony\Component\EventDispatcher\{closure}()
  ...symfony\event-dispatcher\EventDispatcher.php:56 Symfony\Component\EventDispatcher\EventDispatcher->callListeners()
  .\src\Glpi\Kernel\Kernel.php:149                   Symfony\Component\EventDispatcher\EventDispatcher->dispatch()
  .\vendor\symfony\http-kernel\Kernel.php:192        Glpi\Kernel\Kernel->boot()
  .\public\index.php:70                              Symfony\Component\HttpKernel\Kernel->handle()

[2026-05-26 08:33:16] glpi.WARNING:   *** User Warning: Missing required intl PHP extension at Session.php line 856
  Backtrace :
  .\src\Session.php:856                              
  ...l\Listener\PostBootListener\LoadLanguage.php:56 Session::loadLanguage()
  ...ymfony\event-dispatcher\EventDispatcher.php:260 Glpi\Kernel\Listener\PostBootListener\LoadLanguage->onPostBoot()
  ...ymfony\event-dispatcher\EventDispatcher.php:220 Symfony\Component\EventDispatcher\EventDispatcher::Symfony\Component\EventDispatcher\{closure}()
  ...symfony\event-dispatcher\EventDispatcher.php:56 Symfony\Component\EventDispatcher\EventDispatcher->callListeners()
  .\src\Glpi\Kernel\Kernel.php:149                   Symfony\Component\EventDispatcher\EventDispatcher->dispatch()
  .\vendor\symfony\http-kernel\Kernel.php:192        Glpi\Kernel\Kernel->boot()
  .\public\index.php:70                              Symfony\Component\HttpKernel\Kernel->handle()

[2026-05-26 08:33:22] glpi.WARNING:   *** User Warning: Missing required intl PHP extension at Session.php line 856
  Backtrace :
  .\src\Session.php:856                              
  ...l\Listener\PostBootListener\LoadLanguage.php:56 Session::loadLanguage()
  ...ymfony\event-dispatcher\EventDispatcher.php:260 Glpi\Kernel\Listener\PostBootListener\LoadLanguage->onPostBoot()
  ...ymfony\event-dispatcher\EventDispatcher.php:220 Symfony\Component\EventDispatcher\EventDispatcher::Symfony\Component\EventDispatcher\{closure}()
  ...symfony\event-dispatcher\EventDispatcher.php:56 Symfony\Component\EventDispatcher\EventDispatcher->callListeners()
  .\src\Glpi\Kernel\Kernel.php:149                   Symfony\Component\EventDispatcher\EventDispatcher->dispatch()
  .\vendor\symfony\http-kernel\Kernel.php:192        Glpi\Kernel\Kernel->boot()
  .\public\index.php:70                              Symfony\Component\HttpKernel\Kernel->handle()

[2026-05-26 08:33:23] glpi.WARNING:   *** User Warning: Missing required intl PHP extension at Session.php line 856
  Backtrace :
  .\src\Session.php:856                              
  .\src\Session.php:202                              Session::loadLanguage()
  .\src\Auth.php:1151                                Session::init()
  .\front\login.php:69                               Auth->login()
  ...Glpi\Controller\LegacyFileLoadController.php:64 require()
  .\vendor\symfony\http-kernel\HttpKernel.php:181    Glpi\Controller\LegacyFileLoadController->__invoke()
  .\vendor\symfony\http-kernel\HttpKernel.php:76     Symfony\Component\HttpKernel\HttpKernel->handleRaw()
  .\vendor\symfony\http-kernel\Kernel.php:197        Symfony\Component\HttpKernel\HttpKernel->handle()
  .\public\index.php:70                              Symfony\Component\HttpKernel\Kernel->handle()

[2026-05-26 08:33:24] glpi.WARNING:   *** User Warning: Missing required intl PHP extension at Session.php line 856
  Backtrace :
  .\src\Session.php:856                              
  ...l\Listener\PostBootListener\LoadLanguage.php:56 Session::loadLanguage()
  ...ymfony\event-dispatcher\EventDispatcher.php:260 Glpi\Kernel\Listener\PostBootListener\LoadLanguage->onPostBoot()
  ...ymfony\event-dispatcher\EventDispatcher.php:220 Symfony\Component\EventDispatcher\EventDispatcher::Symfony\Component\EventDispatcher\{closure}()
  ...symfony\event-dispatcher\EventDispatcher.php:56 Symfony\Component\EventDispatcher\EventDispatcher->callListeners()
  .\src\Glpi\Kernel\Kernel.php:149                   Symfony\Component\EventDispatcher\EventDispatcher->dispatch()
  .\vendor\symfony\http-kernel\Kernel.php:192        Glpi\Kernel\Kernel->boot()
  .\public\index.php:70                              Symfony\Component\HttpKernel\Kernel->handle()

[2026-05-26 08:33:25] glpi.CRITICAL:   *** Uncaught PHP Exception Twig\Error\RuntimeError: "An exception has been thrown during the rendering of a template ("Class "Normalizer" not found") in "layout/parts/user_header.html.twig" at line 44." at user_header.html.twig line 44
  Backtrace :
  ...templates\layout\parts\user_header.html.twig:44 
  .\vendor\twig\twig\src\Template.php:358            Twig\Template->yield()
  .\vendor\twig\twig\src\Template.php:373            Twig\Template->display()
  .\vendor\twig\twig\src\TemplateWrapper.php:51      Twig\Template->render()
  ...\twig\twig\src\Extension\CoreExtension.php:1520 Twig\TemplateWrapper->render()
  ...tes\36\3686e331624595bffea4cff7690af24b.php:136 Twig\Extension\CoreExtension::include()
  .\vendor\twig\twig\src\Template.php:402            __TwigTemplate_83fefe2249eb927be672fb1815787db5->doDisplay()
  .\vendor\twig\twig\src\Template.php:358            Twig\Template->yield()
  .\vendor\twig\twig\src\TemplateWrapper.php:61      Twig\Template->display()
  ...\Glpi\Application\View\TemplateRenderer.php:188 Twig\TemplateWrapper->display()
  .\src\Html.php:1656                                Glpi\Application\View\TemplateRenderer->display()
  :                                                  Html::header()
  ...Application\View\Extension\PhpExtension.php:105 call_user_func_array()
  ...ates\e3\e32cee38ac257ddfbf06b8cecf01e1fb.php:53 Glpi\Application\View\Extension\PhpExtension->call()
  .\vendor\twig\twig\src\Template.php:402            __TwigTemplate_0eeba608cafbc545d4fecb970a9d6ec7->doDisplay()
  ...ates\3c\3cc3313e1a3cc75fe0fede8c58d5346b.php:52 Twig\Template->yield()
  .\vendor\twig\twig\src\Template.php:402            __TwigTemplate_10fa7b9afa61a0dddc4acae59e420713->doDisplay()
  .\vendor\twig\twig\src\Template.php:358            Twig\Template->yield()
  .\vendor\twig\twig\src\Template.php:373            Twig\Template->display()
  .\vendor\twig\twig\src\TemplateWrapper.php:51      Twig\Template->render()
  ...\Glpi\Application\View\TemplateRenderer.php:170 Twig\TemplateWrapper->render()
  .\src\Glpi\Controller\AbstractController.php:68    Glpi\Application\View\TemplateRenderer->render()
  .\src\Glpi\Controller\CentralController.php:75     Glpi\Controller\AbstractController->render()
  .\vendor\symfony\http-kernel\HttpKernel.php:181    Glpi\Controller\CentralController->__invoke()
  .\vendor\symfony\http-kernel\HttpKernel.php:76     Symfony\Component\HttpKernel\HttpKernel->handleRaw()
  .\vendor\symfony\http-kernel\Kernel.php:197        Symfony\Component\HttpKernel\HttpKernel->handle()
  .\public\index.php:70                              Symfony\Component\HttpKernel\Kernel->handle()
  Previous: Class "Normalizer" not found
  ...dor\symfony\string\AbstractUnicodeString.php:31 
  ...ates\81\814e8899ee50aa4fa1bb06a6d84f1a46.php:73 Twig\Extra\String\StringExtension->createUnicodeString()
  .\vendor\twig\twig\src\Template.php:402            __TwigTemplate_21510ba3c34b060767ab9d976fdb532b->doDisplay()
  .\vendor\twig\twig\src\Template.php:358            Twig\Template->yield()
  .\vendor\twig\twig\src\Template.php:373            Twig\Template->display()
  .\vendor\twig\twig\src\TemplateWrapper.php:51      Twig\Template->render()
  ...\twig\twig\src\Extension\CoreExtension.php:1520 Twig\TemplateWrapper->render()
  ...tes\36\3686e331624595bffea4cff7690af24b.php:136 Twig\Extension\CoreExtension::include()
  .\vendor\twig\twig\src\Template.php:402            __TwigTemplate_83fefe2249eb927be672fb1815787db5->doDisplay()
  .\vendor\twig\twig\src\Template.php:358            Twig\Template->yield()
  .\vendor\twig\twig\src\TemplateWrapper.php:61      Twig\Template->display()
  ...\Glpi\Application\View\TemplateRenderer.php:188 Twig\TemplateWrapper->display()
  .\src\Html.php:1656                                Glpi\Application\View\TemplateRenderer->display()
  :                                                  Html::header()
  ...Application\View\Extension\PhpExtension.php:105 call_user_func_array()
  ...ates\e3\e32cee38ac257ddfbf06b8cecf01e1fb.php:53 Glpi\Application\View\Extension\PhpExtension->call()
  .\vendor\twig\twig\src\Template.php:402            __TwigTemplate_0eeba608cafbc545d4fecb970a9d6ec7->doDisplay()
  ...ates\3c\3cc3313e1a3cc75fe0fede8c58d5346b.php:52 Twig\Template->yield()
  .\vendor\twig\twig\src\Template.php:402            __TwigTemplate_10fa7b9afa61a0dddc4acae59e420713->doDisplay()
  .\vendor\twig\twig\src\Template.php:358            Twig\Template->yield()
  .\vendor\twig\twig\src\Template.php:373            Twig\Template->display()
  .\vendor\twig\twig\src\TemplateWrapper.php:51      Twig\Template->render()
  ...\Glpi\Application\View\TemplateRenderer.php:170 Twig\TemplateWrapper->render()
  .\src\Glpi\Controller\AbstractController.php:68    Glpi\Application\View\TemplateRenderer->render()
  .\src\Glpi\Controller\CentralController.php:75     Glpi\Controller\AbstractController->render()
  .\vendor\symfony\http-kernel\HttpKernel.php:181    Glpi\Controller\CentralController->__invoke()
  .\vendor\symfony\http-kernel\HttpKernel.php:76     Symfony\Component\HttpKernel\HttpKernel->handleRaw()
  .\vendor\symfony\http-kernel\Kernel.php:197        Symfony\Component\HttpKernel\HttpKernel->handle()
  .\public\index.php:70                              Symfony\Component\HttpKernel\Kernel->handle()

[2026-07-07 07:25:28] glpi.WARNING:   *** User Warning: Missing required intl PHP extension at Session.php line 856
  Backtrace :
  .\src\Session.php:856                              
  ...l\Listener\PostBootListener\LoadLanguage.php:56 Session::loadLanguage()
  ...ymfony\event-dispatcher\EventDispatcher.php:260 Glpi\Kernel\Listener\PostBootListener\LoadLanguage->onPostBoot()
  ...ymfony\event-dispatcher\EventDispatcher.php:220 Symfony\Component\EventDispatcher\EventDispatcher::Symfony\Component\EventDispatcher\{closure}()
  ...symfony\event-dispatcher\EventDispatcher.php:56 Symfony\Component\EventDispatcher\EventDispatcher->callListeners()
  .\src\Glpi\Kernel\Kernel.php:149                   Symfony\Component\EventDispatcher\EventDispatcher->dispatch()
  .\vendor\symfony\http-kernel\Kernel.php:192        Glpi\Kernel\Kernel->boot()
  .\public\index.php:70                              Symfony\Component\HttpKernel\Kernel->handle()

[2026-07-07 07:25:40] glpi.WARNING:   *** User Warning: Missing required intl PHP extension at Session.php line 856
  Backtrace :
  .\src\Session.php:856                              
  ...l\Listener\PostBootListener\LoadLanguage.php:56 Session::loadLanguage()
  ...ymfony\event-dispatcher\EventDispatcher.php:260 Glpi\Kernel\Listener\PostBootListener\LoadLanguage->onPostBoot()
  ...ymfony\event-dispatcher\EventDispatcher.php:220 Symfony\Component\EventDispatcher\EventDispatcher::Symfony\Component\EventDispatcher\{closure}()
  ...symfony\event-dispatcher\EventDispatcher.php:56 Symfony\Component\EventDispatcher\EventDispatcher->callListeners()
  .\src\Glpi\Kernel\Kernel.php:149                   Symfony\Component\EventDispatcher\EventDispatcher->dispatch()
  .\vendor\symfony\http-kernel\Kernel.php:192        Glpi\Kernel\Kernel->boot()
  .\public\index.php:70                              Symfony\Component\HttpKernel\Kernel->handle()

[2026-07-07 07:25:40] glpi.WARNING:   *** User Warning: Missing required intl PHP extension at Session.php line 856
  Backtrace :
  .\src\Session.php:856                              
  ...l\Listener\PostBootListener\LoadLanguage.php:56 Session::loadLanguage()
  ...ymfony\event-dispatcher\EventDispatcher.php:260 Glpi\Kernel\Listener\PostBootListener\LoadLanguage->onPostBoot()
  ...ymfony\event-dispatcher\EventDispatcher.php:220 Symfony\Component\EventDispatcher\EventDispatcher::Symfony\Component\EventDispatcher\{closure}()
  ...symfony\event-dispatcher\EventDispatcher.php:56 Symfony\Component\EventDispatcher\EventDispatcher->callListeners()
  .\src\Glpi\Kernel\Kernel.php:149                   Symfony\Component\EventDispatcher\EventDispatcher->dispatch()
  .\vendor\symfony\http-kernel\Kernel.php:192        Glpi\Kernel\Kernel->boot()
  .\public\index.php:70                              Symfony\Component\HttpKernel\Kernel->handle()

[2026-07-07 07:25:47] glpi.WARNING:   *** User Warning: Missing required intl PHP extension at Session.php line 856
  Backtrace :
  .\src\Session.php:856                              
  .\src\NotificationTemplate.php:240                 Session::loadLanguage()
  .\src\NotificationEventAbstract.php:90             NotificationTemplate->getTemplateByLanguage()
  .\src\NotificationEvent.php:203                    NotificationEventAbstract::raise()
  .\src\MailCollector.php:1896                       NotificationEvent::raiseEvent()
  .\src\CronTask.php:897                             MailCollector::cronMailgateError()
  .\front\cron.php:165                               CronTask::launch()
  .\vendor\symfony\http-kernel\HttpKernel.php:101    Glpi\Controller\LegacyFileLoadController->{closure}()
  ...ymfony\http-foundation\StreamedResponse.php:106 Symfony\Component\HttpKernel\HttpKernel::Symfony\Component\HttpKernel\{closure}()
  .\vendor\symfony\http-foundation\Response.php:423  Symfony\Component\HttpFoundation\StreamedResponse->sendContent()
  .\src\Glpi\Kernel\Kernel.php:295                   Symfony\Component\HttpFoundation\Response->send()
  .\public\index.php:72                              Glpi\Kernel\Kernel->sendResponse()

[2026-07-07 07:25:48] glpi.WARNING:   *** User Warning: Missing required intl PHP extension at Session.php line 856
  Backtrace :
  .\src\Session.php:856                              
  .\src\NotificationTemplate.php:319                 Session::loadLanguage()
  .\src\NotificationEventAbstract.php:90             NotificationTemplate->getTemplateByLanguage()
  .\src\NotificationEvent.php:203                    NotificationEventAbstract::raise()
  .\src\MailCollector.php:1896                       NotificationEvent::raiseEvent()
  .\src\CronTask.php:897                             MailCollector::cronMailgateError()
  .\front\cron.php:165                               CronTask::launch()
  .\vendor\symfony\http-kernel\HttpKernel.php:101    Glpi\Controller\LegacyFileLoadController->{closure}()
  ...ymfony\http-foundation\StreamedResponse.php:106 Symfony\Component\HttpKernel\HttpKernel::Symfony\Component\HttpKernel\{closure}()
  .\vendor\symfony\http-foundation\Response.php:423  Symfony\Component\HttpFoundation\StreamedResponse->sendContent()
  .\src\Glpi\Kernel\Kernel.php:295                   Symfony\Component\HttpFoundation\Response->send()
  .\public\index.php:72                              Glpi\Kernel\Kernel->sendResponse()

[2026-07-07 07:26:13] glpi.WARNING:   *** User Warning: Missing required intl PHP extension at Session.php line 856
  Backtrace :
  .\src\Session.php:856                              
  ...l\Listener\PostBootListener\LoadLanguage.php:56 Session::loadLanguage()
  ...ymfony\event-dispatcher\EventDispatcher.php:260 Glpi\Kernel\Listener\PostBootListener\LoadLanguage->onPostBoot()
  ...ymfony\event-dispatcher\EventDispatcher.php:220 Symfony\Component\EventDispatcher\EventDispatcher::Symfony\Component\EventDispatcher\{closure}()
  ...symfony\event-dispatcher\EventDispatcher.php:56 Symfony\Component\EventDispatcher\EventDispatcher->callListeners()
  .\src\Glpi\Kernel\Kernel.php:149                   Symfony\Component\EventDispatcher\EventDispatcher->dispatch()
  .\vendor\symfony\http-kernel\Kernel.php:192        Glpi\Kernel\Kernel->boot()
  .\public\index.php:70                              Symfony\Component\HttpKernel\Kernel->handle()

[2026-07-07 07:26:16] glpi.WARNING:   *** User Warning: Missing required intl PHP extension at Session.php line 856
  Backtrace :
  .\src\Session.php:856                              
  ...l\Listener\PostBootListener\LoadLanguage.php:56 Session::loadLanguage()
  ...ymfony\event-dispatcher\EventDispatcher.php:260 Glpi\Kernel\Listener\PostBootListener\LoadLanguage->onPostBoot()
  ...ymfony\event-dispatcher\EventDispatcher.php:220 Symfony\Component\EventDispatcher\EventDispatcher::Symfony\Component\EventDispatcher\{closure}()
  ...symfony\event-dispatcher\EventDispatcher.php:56 Symfony\Component\EventDispatcher\EventDispatcher->callListeners()
  .\src\Glpi\Kernel\Kernel.php:149                   Symfony\Component\EventDispatcher\EventDispatcher->dispatch()
  .\vendor\symfony\http-kernel\Kernel.php:192        Glpi\Kernel\Kernel->boot()
  .\public\index.php:70                              Symfony\Component\HttpKernel\Kernel->handle()

[2026-07-07 07:26:17] glpi.WARNING:   *** User Warning: Missing required intl PHP extension at Session.php line 856
  Backtrace :
  .\src\Session.php:856                              
  ...l\Listener\PostBootListener\LoadLanguage.php:56 Session::loadLanguage()
  ...ymfony\event-dispatcher\EventDispatcher.php:260 Glpi\Kernel\Listener\PostBootListener\LoadLanguage->onPostBoot()
  ...ymfony\event-dispatcher\EventDispatcher.php:220 Symfony\Component\EventDispatcher\EventDispatcher::Symfony\Component\EventDispatcher\{closure}()
  ...symfony\event-dispatcher\EventDispatcher.php:56 Symfony\Component\EventDispatcher\EventDispatcher->callListeners()
  .\src\Glpi\Kernel\Kernel.php:149                   Symfony\Component\EventDispatcher\EventDispatcher->dispatch()
  .\vendor\symfony\http-kernel\Kernel.php:192        Glpi\Kernel\Kernel->boot()
  .\public\index.php:70                              Symfony\Component\HttpKernel\Kernel->handle()

[2026-07-07 07:26:18] glpi.WARNING:   *** User Warning: Missing required intl PHP extension at Session.php line 856
  Backtrace :
  .\src\Session.php:856                              
  ...l\Listener\PostBootListener\LoadLanguage.php:56 Session::loadLanguage()
  ...ymfony\event-dispatcher\EventDispatcher.php:260 Glpi\Kernel\Listener\PostBootListener\LoadLanguage->onPostBoot()
  ...ymfony\event-dispatcher\EventDispatcher.php:220 Symfony\Component\EventDispatcher\EventDispatcher::Symfony\Component\EventDispatcher\{closure}()
  ...symfony\event-dispatcher\EventDispatcher.php:56 Symfony\Component\EventDispatcher\EventDispatcher->callListeners()
  .\src\Glpi\Kernel\Kernel.php:149                   Symfony\Component\EventDispatcher\EventDispatcher->dispatch()
  .\vendor\symfony\http-kernel\Kernel.php:192        Glpi\Kernel\Kernel->boot()
  .\public\index.php:70                              Symfony\Component\HttpKernel\Kernel->handle()

[2026-07-07 07:26:31] glpi.WARNING:   *** User Warning: Missing required intl PHP extension at Session.php line 856
  Backtrace :
  .\src\Session.php:856                              
  ...l\Listener\PostBootListener\LoadLanguage.php:56 Session::loadLanguage()
  ...ymfony\event-dispatcher\EventDispatcher.php:260 Glpi\Kernel\Listener\PostBootListener\LoadLanguage->onPostBoot()
  ...ymfony\event-dispatcher\EventDispatcher.php:220 Symfony\Component\EventDispatcher\EventDispatcher::Symfony\Component\EventDispatcher\{closure}()
  ...symfony\event-dispatcher\EventDispatcher.php:56 Symfony\Component\EventDispatcher\EventDispatcher->callListeners()
  .\src\Glpi\Kernel\Kernel.php:149                   Symfony\Component\EventDispatcher\EventDispatcher->dispatch()
  .\vendor\symfony\http-kernel\Kernel.php:192        Glpi\Kernel\Kernel->boot()
  .\public\index.php:70                              Symfony\Component\HttpKernel\Kernel->handle()

[2026-07-07 07:26:33] glpi.WARNING:   *** User Warning: Missing required intl PHP extension at Session.php line 856
  Backtrace :
  .\src\Session.php:856                              
  .\src\Session.php:202                              Session::loadLanguage()
  .\src\Auth.php:1151                                Session::init()
  .\front\login.php:69                               Auth->login()
  ...Glpi\Controller\LegacyFileLoadController.php:64 require()
  .\vendor\symfony\http-kernel\HttpKernel.php:181    Glpi\Controller\LegacyFileLoadController->__invoke()
  .\vendor\symfony\http-kernel\HttpKernel.php:76     Symfony\Component\HttpKernel\HttpKernel->handleRaw()
  .\vendor\symfony\http-kernel\Kernel.php:197        Symfony\Component\HttpKernel\HttpKernel->handle()
  .\public\index.php:70                              Symfony\Component\HttpKernel\Kernel->handle()

[2026-07-07 07:26:36] glpi.WARNING:   *** User Warning: Missing required intl PHP extension at Session.php line 856
  Backtrace :
  .\src\Session.php:856                              
  ...l\Listener\PostBootListener\LoadLanguage.php:56 Session::loadLanguage()
  ...ymfony\event-dispatcher\EventDispatcher.php:260 Glpi\Kernel\Listener\PostBootListener\LoadLanguage->onPostBoot()
  ...ymfony\event-dispatcher\EventDispatcher.php:220 Symfony\Component\EventDispatcher\EventDispatcher::Symfony\Component\EventDispatcher\{closure}()
  ...symfony\event-dispatcher\EventDispatcher.php:56 Symfony\Component\EventDispatcher\EventDispatcher->callListeners()
  .\src\Glpi\Kernel\Kernel.php:149                   Symfony\Component\EventDispatcher\EventDispatcher->dispatch()
  .\vendor\symfony\http-kernel\Kernel.php:192        Glpi\Kernel\Kernel->boot()
  .\public\index.php:70                              Symfony\Component\HttpKernel\Kernel->handle()

[2026-07-07 07:26:47] glpi.CRITICAL:   *** Uncaught PHP Exception Twig\Error\RuntimeError: "An exception has been thrown during the rendering of a template ("Class "Normalizer" not found") in "layout/parts/user_header.html.twig" at line 44." at user_header.html.twig line 44
  Backtrace :
  ...templates\layout\parts\user_header.html.twig:44 
  .\vendor\twig\twig\src\Template.php:358            Twig\Template->yield()
  .\vendor\twig\twig\src\Template.php:373            Twig\Template->display()
  .\vendor\twig\twig\src\TemplateWrapper.php:51      Twig\Template->render()
  ...\twig\twig\src\Extension\CoreExtension.php:1520 Twig\TemplateWrapper->render()
  ...tes\36\3686e331624595bffea4cff7690af24b.php:136 Twig\Extension\CoreExtension::include()
  .\vendor\twig\twig\src\Template.php:402            __TwigTemplate_83fefe2249eb927be672fb1815787db5->doDisplay()
  .\vendor\twig\twig\src\Template.php:358            Twig\Template->yield()
  .\vendor\twig\twig\src\TemplateWrapper.php:61      Twig\Template->display()
  ...\Glpi\Application\View\TemplateRenderer.php:188 Twig\TemplateWrapper->display()
  .\src\Html.php:1656                                Glpi\Application\View\TemplateRenderer->display()
  :                                                  Html::header()
  ...Application\View\Extension\PhpExtension.php:105 call_user_func_array()
  ...ates\e3\e32cee38ac257ddfbf06b8cecf01e1fb.php:53 Glpi\Application\View\Extension\PhpExtension->call()
  .\vendor\twig\twig\src\Template.php:402            __TwigTemplate_0eeba608cafbc545d4fecb970a9d6ec7->doDisplay()
  ...ates\3c\3cc3313e1a3cc75fe0fede8c58d5346b.php:52 Twig\Template->yield()
  .\vendor\twig\twig\src\Template.php:402            __TwigTemplate_10fa7b9afa61a0dddc4acae59e420713->doDisplay()
  .\vendor\twig\twig\src\Template.php:358            Twig\Template->yield()
  .\vendor\twig\twig\src\Template.php:373            Twig\Template->display()
  .\vendor\twig\twig\src\TemplateWrapper.php:51      Twig\Template->render()
  ...\Glpi\Application\View\TemplateRenderer.php:170 Twig\TemplateWrapper->render()
  .\src\Glpi\Controller\AbstractController.php:68    Glpi\Application\View\TemplateRenderer->render()
  .\src\Glpi\Controller\CentralController.php:75     Glpi\Controller\AbstractController->render()
  .\vendor\symfony\http-kernel\HttpKernel.php:181    Glpi\Controller\CentralController->__invoke()
  .\vendor\symfony\http-kernel\HttpKernel.php:76     Symfony\Component\HttpKernel\HttpKernel->handleRaw()
  .\vendor\symfony\http-kernel\Kernel.php:197        Symfony\Component\HttpKernel\HttpKernel->handle()
  .\public\index.php:70                              Symfony\Component\HttpKernel\Kernel->handle()
  Previous: Class "Normalizer" not found
  ...dor\symfony\string\AbstractUnicodeString.php:31 
  ...ates\81\814e8899ee50aa4fa1bb06a6d84f1a46.php:73 Twig\Extra\String\StringExtension->createUnicodeString()
  .\vendor\twig\twig\src\Template.php:402            __TwigTemplate_21510ba3c34b060767ab9d976fdb532b->doDisplay()
  .\vendor\twig\twig\src\Template.php:358            Twig\Template->yield()
  .\vendor\twig\twig\src\Template.php:373            Twig\Template->display()
  .\vendor\twig\twig\src\TemplateWrapper.php:51      Twig\Template->render()
  ...\twig\twig\src\Extension\CoreExtension.php:1520 Twig\TemplateWrapper->render()
  ...tes\36\3686e331624595bffea4cff7690af24b.php:136 Twig\Extension\CoreExtension::include()
  .\vendor\twig\twig\src\Template.php:402            __TwigTemplate_83fefe2249eb927be672fb1815787db5->doDisplay()
  .\vendor\twig\twig\src\Template.php:358            Twig\Template->yield()
  .\vendor\twig\twig\src\TemplateWrapper.php:61      Twig\Template->display()
  ...\Glpi\Application\View\TemplateRenderer.php:188 Twig\TemplateWrapper->display()
  .\src\Html.php:1656                                Glpi\Application\View\TemplateRenderer->display()
  :                                                  Html::header()
  ...Application\View\Extension\PhpExtension.php:105 call_user_func_array()
  ...ates\e3\e32cee38ac257ddfbf06b8cecf01e1fb.php:53 Glpi\Application\View\Extension\PhpExtension->call()
  .\vendor\twig\twig\src\Template.php:402            __TwigTemplate_0eeba608cafbc545d4fecb970a9d6ec7->doDisplay()
  ...ates\3c\3cc3313e1a3cc75fe0fede8c58d5346b.php:52 Twig\Template->yield()
  .\vendor\twig\twig\src\Template.php:402            __TwigTemplate_10fa7b9afa61a0dddc4acae59e420713->doDisplay()
  .\vendor\twig\twig\src\Template.php:358            Twig\Template->yield()
  .\vendor\twig\twig\src\Template.php:373            Twig\Template->display()
  .\vendor\twig\twig\src\TemplateWrapper.php:51      Twig\Template->render()
  ...\Glpi\Application\View\TemplateRenderer.php:170 Twig\TemplateWrapper->render()
  .\src\Glpi\Controller\AbstractController.php:68    Glpi\Application\View\TemplateRenderer->render()
  .\src\Glpi\Controller\CentralController.php:75     Glpi\Controller\AbstractController->render()
  .\vendor\symfony\http-kernel\HttpKernel.php:181    Glpi\Controller\CentralController->__invoke()
  .\vendor\symfony\http-kernel\HttpKernel.php:76     Symfony\Component\HttpKernel\HttpKernel->handleRaw()
  .\vendor\symfony\http-kernel\Kernel.php:197        Symfony\Component\HttpKernel\HttpKernel->handle()
  .\public\index.php:70                              Symfony\Component\HttpKernel\Kernel->handle()

[2026-07-13 09:28:27] glpi.ERROR:   *** Uncaught Error: Session::init(): Argument #1 ($auth) must be of type Auth, User given, called in C:\Users\Administrator\.gemini\antigravity\brain\331e27aa-c9e3-4836-bbca-6b910618a29f\scratch\test_delete_ticket.php on line 11
  Backtrace :
  .\src\Session.php:122                              
  ...-6b910618a29f\scratch\test_delete_ticket.php:11 Session::init()

[2026-07-13 09:37:52] glpi.WARNING:   *** Warning: Undefined array key "rights" at check_glpi_profiles.php line 14
  Backtrace :
  ...6b910618a29f\scratch\check_glpi_profiles.php:14 

[2026-07-13 09:52:38] glpi.ERROR:   *** Caught Laminas\Mail\Protocol\Exception\RuntimeException: cannot read - connection closed?
  Backtrace :
  ...\laminas\laminas-mail\src\Protocol\Imap.php:143 
  ...\laminas\laminas-mail\src\Protocol\Imap.php:158 Laminas\Mail\Protocol\Imap->nextLine()
  ...\laminas\laminas-mail\src\Protocol\Imap.php:120 Laminas\Mail\Protocol\Imap->assumedNextLine()
  ...r\laminas\laminas-mail\src\Storage\Imap.php:241 Laminas\Mail\Protocol\Imap->connect()
  .\src\Toolbox.php:2025                             Laminas\Mail\Storage\Imap->__construct()
  .\src\MailCollector.php:1294                       Toolbox::getMailServerStorageInstance()
  .\src\MailCollector.php:593                        MailCollector->connect()
  .\src\MailCollector.php:1827                       MailCollector->collect()
  .\src\CronTask.php:897                             MailCollector::cronMailgate()
  .\front\cron.php:165                               CronTask::launch()
  .\vendor\symfony\http-kernel\HttpKernel.php:101    Glpi\Controller\LegacyFileLoadController->{closure}()
  ...ymfony\http-foundation\StreamedResponse.php:106 Symfony\Component\HttpKernel\HttpKernel::Symfony\Component\HttpKernel\{closure}()
  .\vendor\symfony\http-foundation\Response.php:423  Symfony\Component\HttpFoundation\StreamedResponse->sendContent()
  .\src\Glpi\Kernel\Kernel.php:295                   Symfony\Component\HttpFoundation\Response->send()
  .\public\index.php:72                              Glpi\Kernel\Kernel->sendResponse()

[2026-07-13 09:53:49] glpi.CRITICAL:   *** Uncaught Exception: Building and executing raw queries with the `DBmysqlIterator::execute()` method is prohibited.
  Backtrace :
  .\src\DBmysqlIterator.php:929                      
  .\src\DBmysqlIterator.php:122                      DBmysqlIterator->convertOldRequestArgsToCriteria()
  .\src\DBmysql.php:1061                             DBmysqlIterator->execute()
  ...b910618a29f\scratch\check_tickets_current.php:9 DBmysql->request()

[2026-07-20 08:10:15] glpi.ERROR:   *** Caught Laminas\Mail\Protocol\Exception\RuntimeException: cannot read - connection closed?
  Backtrace :
  ...\laminas\laminas-mail\src\Protocol\Imap.php:143 
  ...\laminas\laminas-mail\src\Protocol\Imap.php:158 Laminas\Mail\Protocol\Imap->nextLine()
  ...\laminas\laminas-mail\src\Protocol\Imap.php:120 Laminas\Mail\Protocol\Imap->assumedNextLine()
  ...r\laminas\laminas-mail\src\Storage\Imap.php:241 Laminas\Mail\Protocol\Imap->connect()
  .\src\Toolbox.php:2025                             Laminas\Mail\Storage\Imap->__construct()
  .\src\MailCollector.php:1294                       Toolbox::getMailServerStorageInstance()
  .\src\MailCollector.php:593                        MailCollector->connect()
  ...temType\Form\MailCollectorFormController.php:56 MailCollector->collect()
  .\vendor\symfony\http-kernel\HttpKernel.php:181    Glpi\Controller\ItemType\Form\MailCollectorFormController->__invoke()
  .\vendor\symfony\http-kernel\HttpKernel.php:76     Symfony\Component\HttpKernel\HttpKernel->handleRaw()
  .\vendor\symfony\http-kernel\Kernel.php:197        Symfony\Component\HttpKernel\HttpKernel->handle()
  .\public\index.php:70                              Symfony\Component\HttpKernel\Kernel->handle()

[2026-07-20 08:13:03] glpi.ERROR:   *** Caught Laminas\Mail\Protocol\Exception\RuntimeException: cannot read - connection closed?
  Backtrace :
  ...\laminas\laminas-mail\src\Protocol\Imap.php:143 
  ...\laminas\laminas-mail\src\Protocol\Imap.php:158 Laminas\Mail\Protocol\Imap->nextLine()
  ...\laminas\laminas-mail\src\Protocol\Imap.php:120 Laminas\Mail\Protocol\Imap->assumedNextLine()
  ...r\laminas\laminas-mail\src\Storage\Imap.php:241 Laminas\Mail\Protocol\Imap->connect()
  .\src\Toolbox.php:2025                             Laminas\Mail\Storage\Imap->__construct()
  .\src\MailCollector.php:1294                       Toolbox::getMailServerStorageInstance()
  .\src\MailCollector.php:593                        MailCollector->connect()
  ...temType\Form\MailCollectorFormController.php:56 MailCollector->collect()
  .\vendor\symfony\http-kernel\HttpKernel.php:181    Glpi\Controller\ItemType\Form\MailCollectorFormController->__invoke()
  .\vendor\symfony\http-kernel\HttpKernel.php:76     Symfony\Component\HttpKernel\HttpKernel->handleRaw()
  .\vendor\symfony\http-kernel\Kernel.php:197        Symfony\Component\HttpKernel\HttpKernel->handle()
  .\public\index.php:70                              Symfony\Component\HttpKernel\Kernel->handle()

[2026-07-20 08:25:42] glpi.CRITICAL:   *** Uncaught Error: Call to a member function request() on null
  Backtrace :
  ...aa86-51d5ee58cfd1\scratch\check_receiver.php:11 

[2026-07-20 08:25:49] glpi.WARNING:   *** Warning: Undefined array key "accepted_mail_sizes" at check_receiver.php line 20
  Backtrace :
  ...aa86-51d5ee58cfd1\scratch\check_receiver.php:20 

[2026-07-20 08:25:49] glpi.WARNING:   *** Warning: Undefined array key "logs" at check_receiver.php line 35
  Backtrace :
  ...aa86-51d5ee58cfd1\scratch\check_receiver.php:35 

[2026-07-20 08:28:14] glpi.CRITICAL:   *** Uncaught Error: Call to undefined method Toolbox::parseMailServerString()
  Backtrace :
  ...a86-51d5ee58cfd1\scratch\test_glpi_parse.php:16 

[2026-07-22 14:14:37] glpi.ERROR:   *** Caught Laminas\Mail\Storage\Exception\RuntimeException: cannot login, user or password wrong
  Backtrace :
  ...r\laminas\laminas-mail\src\Storage\Imap.php:243 
  .\src\Toolbox.php:2025                             Laminas\Mail\Storage\Imap->__construct()
  .\src\MailCollector.php:1294                       Toolbox::getMailServerStorageInstance()
  .\src\MailCollector.php:593                        MailCollector->connect()
  .\src\MailCollector.php:1827                       MailCollector->collect()
  .\src\CronTask.php:897                             MailCollector::cronMailgate()
  .\front\cron.php:165                               CronTask::launch()
  .\vendor\symfony\http-kernel\HttpKernel.php:101    Glpi\Controller\LegacyFileLoadController->{closure}()
  ...ymfony\http-foundation\StreamedResponse.php:106 Symfony\Component\HttpKernel\HttpKernel::Symfony\Component\HttpKernel\{closure}()
  .\vendor\symfony\http-foundation\Response.php:423  Symfony\Component\HttpFoundation\StreamedResponse->sendContent()
  .\src\Glpi\Kernel\Kernel.php:295                   Symfony\Component\HttpFoundation\Response->send()
  .\public\index.php:72                              Glpi\Kernel\Kernel->sendResponse()

[2026-07-29 09:08:06] glpi.WARNING:   *** Warning: Undefined array key "entities_id" at CommonITILObject.php line 8361
  Backtrace :
  .\src\CommonITILObject.php:8361                    
  .\src\CommonITILObject.php:2369                    CommonITILObject->getITILTemplateFromInput()
  .\front\ticket.form.php:89                         CommonITILObject->enforceReadonlyFields()
  ...Glpi\Controller\LegacyFileLoadController.php:64 require()
  .\vendor\symfony\http-kernel\HttpKernel.php:181    Glpi\Controller\LegacyFileLoadController->__invoke()
  .\vendor\symfony\http-kernel\HttpKernel.php:76     Symfony\Component\HttpKernel\HttpKernel->handleRaw()
  .\vendor\symfony\http-kernel\Kernel.php:197        Symfony\Component\HttpKernel\HttpKernel->handle()
  .\public\index.php:70                              Symfony\Component\HttpKernel\Kernel->handle()

[2026-08-04 07:09:18] glpi.WARNING:   *** User Warning: Missing required intl PHP extension at Session.php line 856
  Backtrace :
  .\src\Session.php:856                              
  ...l\Listener\PostBootListener\LoadLanguage.php:56 Session::loadLanguage()
  ...ymfony\event-dispatcher\EventDispatcher.php:260 Glpi\Kernel\Listener\PostBootListener\LoadLanguage->onPostBoot()
  ...ymfony\event-dispatcher\EventDispatcher.php:220 Symfony\Component\EventDispatcher\EventDispatcher::Symfony\Component\EventDispatcher\{closure}()
  ...symfony\event-dispatcher\EventDispatcher.php:56 Symfony\Component\EventDispatcher\EventDispatcher->callListeners()
  .\src\Glpi\Kernel\Kernel.php:149                   Symfony\Component\EventDispatcher\EventDispatcher->dispatch()
  .\vendor\symfony\http-kernel\Kernel.php:192        Glpi\Kernel\Kernel->boot()
  .\public\index.php:70                              Symfony\Component\HttpKernel\Kernel->handle()

[2026-08-04 07:09:22] glpi.CRITICAL:   *** Uncaught PHP Exception Glpi\Exception\Http\HttpException: "" at CheckDatabaseStatusListener.php line 101
  Backtrace :
  ...estListener\CheckDatabaseStatusListener.php:101 
  ...ymfony\event-dispatcher\EventDispatcher.php:260 Glpi\Kernel\Listener\RequestListener\CheckDatabaseStatusListener->onKernelRequest()
  ...ymfony\event-dispatcher\EventDispatcher.php:220 Symfony\Component\EventDispatcher\EventDispatcher::Symfony\Component\EventDispatcher\{closure}()
  ...symfony\event-dispatcher\EventDispatcher.php:56 Symfony\Component\EventDispatcher\EventDispatcher->callListeners()
  .\vendor\symfony\http-kernel\HttpKernel.php:157    Symfony\Component\EventDispatcher\EventDispatcher->dispatch()
  .\vendor\symfony\http-kernel\HttpKernel.php:76     Symfony\Component\HttpKernel\HttpKernel->handleRaw()
  .\vendor\symfony\http-kernel\Kernel.php:197        Symfony\Component\HttpKernel\HttpKernel->handle()
  .\public\index.php:70                              Symfony\Component\HttpKernel\Kernel->handle()

[2026-08-04 07:09:34] glpi.WARNING:   *** User Warning: Missing required intl PHP extension at Session.php line 856
  Backtrace :
  .\src\Session.php:856                              
  ...l\Listener\PostBootListener\LoadLanguage.php:56 Session::loadLanguage()
  ...ymfony\event-dispatcher\EventDispatcher.php:260 Glpi\Kernel\Listener\PostBootListener\LoadLanguage->onPostBoot()
  ...ymfony\event-dispatcher\EventDispatcher.php:220 Symfony\Component\EventDispatcher\EventDispatcher::Symfony\Component\EventDispatcher\{closure}()
  ...symfony\event-dispatcher\EventDispatcher.php:56 Symfony\Component\EventDispatcher\EventDispatcher->callListeners()
  .\src\Glpi\Kernel\Kernel.php:149                   Symfony\Component\EventDispatcher\EventDispatcher->dispatch()
  .\vendor\symfony\http-kernel\Kernel.php:192        Glpi\Kernel\Kernel->boot()
  .\public\index.php:70                              Symfony\Component\HttpKernel\Kernel->handle()

[2026-08-04 07:18:34] glpi.WARNING:   *** User Warning: Missing required intl PHP extension at Session.php line 856
  Backtrace :
  .\src\Session.php:856                              
  ...l\Listener\PostBootListener\LoadLanguage.php:56 Session::loadLanguage()
  ...ymfony\event-dispatcher\EventDispatcher.php:260 Glpi\Kernel\Listener\PostBootListener\LoadLanguage->onPostBoot()
  ...ymfony\event-dispatcher\EventDispatcher.php:220 Symfony\Component\EventDispatcher\EventDispatcher::Symfony\Component\EventDispatcher\{closure}()
  ...symfony\event-dispatcher\EventDispatcher.php:56 Symfony\Component\EventDispatcher\EventDispatcher->callListeners()
  .\src\Glpi\Kernel\Kernel.php:149                   Symfony\Component\EventDispatcher\EventDispatcher->dispatch()
  .\vendor\symfony\http-kernel\Kernel.php:192        Glpi\Kernel\Kernel->boot()
  .\public\index.php:70                              Symfony\Component\HttpKernel\Kernel->handle()

[2026-08-04 07:18:34] glpi.CRITICAL:   *** Uncaught PHP Exception Glpi\Exception\Http\HttpException: "" at CheckDatabaseStatusListener.php line 101
  Backtrace :
  ...estListener\CheckDatabaseStatusListener.php:101 
  ...ymfony\event-dispatcher\EventDispatcher.php:260 Glpi\Kernel\Listener\RequestListener\CheckDatabaseStatusListener->onKernelRequest()
  ...ymfony\event-dispatcher\EventDispatcher.php:220 Symfony\Component\EventDispatcher\EventDispatcher::Symfony\Component\EventDispatcher\{closure}()
  ...symfony\event-dispatcher\EventDispatcher.php:56 Symfony\Component\EventDispatcher\EventDispatcher->callListeners()
  .\vendor\symfony\http-kernel\HttpKernel.php:157    Symfony\Component\EventDispatcher\EventDispatcher->dispatch()
  .\vendor\symfony\http-kernel\HttpKernel.php:76     Symfony\Component\HttpKernel\HttpKernel->handleRaw()
  .\vendor\symfony\http-kernel\Kernel.php:197        Symfony\Component\HttpKernel\HttpKernel->handle()
  .\public\index.php:70                              Symfony\Component\HttpKernel\Kernel->handle()

[2026-08-04 07:19:36] glpi.WARNING:   *** User Warning: Missing required intl PHP extension at Session.php line 856
  Backtrace :
  .\src\Session.php:856                              
  ...l\Listener\PostBootListener\LoadLanguage.php:56 Session::loadLanguage()
  ...ymfony\event-dispatcher\EventDispatcher.php:260 Glpi\Kernel\Listener\PostBootListener\LoadLanguage->onPostBoot()
  ...ymfony\event-dispatcher\EventDispatcher.php:220 Symfony\Component\EventDispatcher\EventDispatcher::Symfony\Component\EventDispatcher\{closure}()
  ...symfony\event-dispatcher\EventDispatcher.php:56 Symfony\Component\EventDispatcher\EventDispatcher->callListeners()
  .\src\Glpi\Kernel\Kernel.php:149                   Symfony\Component\EventDispatcher\EventDispatcher->dispatch()
  .\vendor\symfony\http-kernel\Kernel.php:192        Glpi\Kernel\Kernel->boot()
  .\public\index.php:70                              Symfony\Component\HttpKernel\Kernel->handle()

[2026-08-04 07:19:36] glpi.CRITICAL:   *** Uncaught PHP Exception Glpi\Exception\Http\HttpException: "" at CheckDatabaseStatusListener.php line 101
  Backtrace :
  ...estListener\CheckDatabaseStatusListener.php:101 
  ...ymfony\event-dispatcher\EventDispatcher.php:260 Glpi\Kernel\Listener\RequestListener\CheckDatabaseStatusListener->onKernelRequest()
  ...ymfony\event-dispatcher\EventDispatcher.php:220 Symfony\Component\EventDispatcher\EventDispatcher::Symfony\Component\EventDispatcher\{closure}()
  ...symfony\event-dispatcher\EventDispatcher.php:56 Symfony\Component\EventDispatcher\EventDispatcher->callListeners()
  .\vendor\symfony\http-kernel\HttpKernel.php:157    Symfony\Component\EventDispatcher\EventDispatcher->dispatch()
  .\vendor\symfony\http-kernel\HttpKernel.php:76     Symfony\Component\HttpKernel\HttpKernel->handleRaw()
  .\vendor\symfony\http-kernel\Kernel.php:197        Symfony\Component\HttpKernel\HttpKernel->handle()
  .\public\index.php:70                              Symfony\Component\HttpKernel\Kernel->handle()

[2026-08-04 07:27:45] glpi.WARNING:   *** User Warning: Missing required intl PHP extension at Session.php line 856
  Backtrace :
  .\src\Session.php:856                              
  ...l\Listener\PostBootListener\LoadLanguage.php:56 Session::loadLanguage()
  ...ymfony\event-dispatcher\EventDispatcher.php:260 Glpi\Kernel\Listener\PostBootListener\LoadLanguage->onPostBoot()
  ...ymfony\event-dispatcher\EventDispatcher.php:220 Symfony\Component\EventDispatcher\EventDispatcher::Symfony\Component\EventDispatcher\{closure}()
  ...symfony\event-dispatcher\EventDispatcher.php:56 Symfony\Component\EventDispatcher\EventDispatcher->callListeners()
  .\src\Glpi\Kernel\Kernel.php:149                   Symfony\Component\EventDispatcher\EventDispatcher->dispatch()
  .\vendor\symfony\http-kernel\Kernel.php:192        Glpi\Kernel\Kernel->boot()
  .\public\index.php:70                              Symfony\Component\HttpKernel\Kernel->handle()

[2026-08-04 07:27:54] glpi.WARNING:   *** User Warning: Missing required intl PHP extension at Session.php line 856
  Backtrace :
  .\src\Session.php:856                              
  ...l\Listener\PostBootListener\LoadLanguage.php:56 Session::loadLanguage()
  ...ymfony\event-dispatcher\EventDispatcher.php:260 Glpi\Kernel\Listener\PostBootListener\LoadLanguage->onPostBoot()
  ...ymfony\event-dispatcher\EventDispatcher.php:220 Symfony\Component\EventDispatcher\EventDispatcher::Symfony\Component\EventDispatcher\{closure}()
  ...symfony\event-dispatcher\EventDispatcher.php:56 Symfony\Component\EventDispatcher\EventDispatcher->callListeners()
  .\src\Glpi\Kernel\Kernel.php:149                   Symfony\Component\EventDispatcher\EventDispatcher->dispatch()
  .\vendor\symfony\http-kernel\Kernel.php:192        Glpi\Kernel\Kernel->boot()
  .\public\index.php:70                              Symfony\Component\HttpKernel\Kernel->handle()

[2026-08-04 07:45:48] glpi.WARNING:   *** User Warning: Missing required intl PHP extension at Session.php line 856
  Backtrace :
  .\src\Session.php:856                              
  ...l\Listener\PostBootListener\LoadLanguage.php:56 Session::loadLanguage()
  ...ymfony\event-dispatcher\EventDispatcher.php:260 Glpi\Kernel\Listener\PostBootListener\LoadLanguage->onPostBoot()
  ...ymfony\event-dispatcher\EventDispatcher.php:220 Symfony\Component\EventDispatcher\EventDispatcher::Symfony\Component\EventDispatcher\{closure}()
  ...symfony\event-dispatcher\EventDispatcher.php:56 Symfony\Component\EventDispatcher\EventDispatcher->callListeners()
  .\src\Glpi\Kernel\Kernel.php:149                   Symfony\Component\EventDispatcher\EventDispatcher->dispatch()
  .\vendor\symfony\http-kernel\Kernel.php:192        Glpi\Kernel\Kernel->boot()
  .\public\index.php:70                              Symfony\Component\HttpKernel\Kernel->handle()

[2026-08-04 07:46:14] glpi.WARNING:   *** User Warning: Missing required intl PHP extension at Session.php line 856
  Backtrace :
  .\src\Session.php:856                              
  ...l\Listener\PostBootListener\LoadLanguage.php:56 Session::loadLanguage()
  ...ymfony\event-dispatcher\EventDispatcher.php:260 Glpi\Kernel\Listener\PostBootListener\LoadLanguage->onPostBoot()
  ...ymfony\event-dispatcher\EventDispatcher.php:220 Symfony\Component\EventDispatcher\EventDispatcher::Symfony\Component\EventDispatcher\{closure}()
  ...symfony\event-dispatcher\EventDispatcher.php:56 Symfony\Component\EventDispatcher\EventDispatcher->callListeners()
  .\src\Glpi\Kernel\Kernel.php:149                   Symfony\Component\EventDispatcher\EventDispatcher->dispatch()
  .\vendor\symfony\http-kernel\Kernel.php:192        Glpi\Kernel\Kernel->boot()
  .\public\index.php:70                              Symfony\Component\HttpKernel\Kernel->handle()

[2026-08-04 07:46:16] glpi.WARNING:   *** User Warning: Missing required intl PHP extension at Session.php line 856
  Backtrace :
  .\src\Session.php:856                              
  ...l\Listener\PostBootListener\LoadLanguage.php:56 Session::loadLanguage()
  ...ymfony\event-dispatcher\EventDispatcher.php:260 Glpi\Kernel\Listener\PostBootListener\LoadLanguage->onPostBoot()
  ...ymfony\event-dispatcher\EventDispatcher.php:220 Symfony\Component\EventDispatcher\EventDispatcher::Symfony\Component\EventDispatcher\{closure}()
  ...symfony\event-dispatcher\EventDispatcher.php:56 Symfony\Component\EventDispatcher\EventDispatcher->callListeners()
  .\src\Glpi\Kernel\Kernel.php:149                   Symfony\Component\EventDispatcher\EventDispatcher->dispatch()
  .\vendor\symfony\http-kernel\Kernel.php:192        Glpi\Kernel\Kernel->boot()
  .\public\index.php:70                              Symfony\Component\HttpKernel\Kernel->handle()

[2026-08-04 07:46:18] glpi.WARNING:   *** User Warning: Missing required intl PHP extension at Session.php line 856
  Backtrace :
  .\src\Session.php:856                              
  ...l\Listener\PostBootListener\LoadLanguage.php:56 Session::loadLanguage()
  ...ymfony\event-dispatcher\EventDispatcher.php:260 Glpi\Kernel\Listener\PostBootListener\LoadLanguage->onPostBoot()
  ...ymfony\event-dispatcher\EventDispatcher.php:220 Symfony\Component\EventDispatcher\EventDispatcher::Symfony\Component\EventDispatcher\{closure}()
  ...symfony\event-dispatcher\EventDispatcher.php:56 Symfony\Component\EventDispatcher\EventDispatcher->callListeners()
  .\src\Glpi\Kernel\Kernel.php:149                   Symfony\Component\EventDispatcher\EventDispatcher->dispatch()
  .\vendor\symfony\http-kernel\Kernel.php:192        Glpi\Kernel\Kernel->boot()
  .\public\index.php:70                              Symfony\Component\HttpKernel\Kernel->handle()

[2026-08-04 07:46:40] glpi.WARNING:   *** User Warning: Missing required intl PHP extension at Session.php line 856
  Backtrace :
  .\src\Session.php:856                              
  ...l\Listener\PostBootListener\LoadLanguage.php:56 Session::loadLanguage()
  ...ymfony\event-dispatcher\EventDispatcher.php:260 Glpi\Kernel\Listener\PostBootListener\LoadLanguage->onPostBoot()
  ...ymfony\event-dispatcher\EventDispatcher.php:220 Symfony\Component\EventDispatcher\EventDispatcher::Symfony\Component\EventDispatcher\{closure}()
  ...symfony\event-dispatcher\EventDispatcher.php:56 Symfony\Component\EventDispatcher\EventDispatcher->callListeners()
  .\src\Glpi\Kernel\Kernel.php:149                   Symfony\Component\EventDispatcher\EventDispatcher->dispatch()
  .\vendor\symfony\http-kernel\Kernel.php:192        Glpi\Kernel\Kernel->boot()
  .\public\index.php:70                              Symfony\Component\HttpKernel\Kernel->handle()

[2026-08-04 07:46:42] glpi.WARNING:   *** User Warning: Missing required intl PHP extension at Session.php line 856
  Backtrace :
  .\src\Session.php:856                              
  .\src\Session.php:202                              Session::loadLanguage()
  .\src\Auth.php:1151                                Session::init()
  .\front\login.php:69                               Auth->login()
  ...Glpi\Controller\LegacyFileLoadController.php:64 require()
  .\vendor\symfony\http-kernel\HttpKernel.php:181    Glpi\Controller\LegacyFileLoadController->__invoke()
  .\vendor\symfony\http-kernel\HttpKernel.php:76     Symfony\Component\HttpKernel\HttpKernel->handleRaw()
  .\vendor\symfony\http-kernel\Kernel.php:197        Symfony\Component\HttpKernel\HttpKernel->handle()
  .\public\index.php:70                              Symfony\Component\HttpKernel\Kernel->handle()

[2026-08-04 07:46:46] glpi.WARNING:   *** User Warning: Missing required intl PHP extension at Session.php line 856
  Backtrace :
  .\src\Session.php:856                              
  ...l\Listener\PostBootListener\LoadLanguage.php:56 Session::loadLanguage()
  ...ymfony\event-dispatcher\EventDispatcher.php:260 Glpi\Kernel\Listener\PostBootListener\LoadLanguage->onPostBoot()
  ...ymfony\event-dispatcher\EventDispatcher.php:220 Symfony\Component\EventDispatcher\EventDispatcher::Symfony\Component\EventDispatcher\{closure}()
  ...symfony\event-dispatcher\EventDispatcher.php:56 Symfony\Component\EventDispatcher\EventDispatcher->callListeners()
  .\src\Glpi\Kernel\Kernel.php:149                   Symfony\Component\EventDispatcher\EventDispatcher->dispatch()
  .\vendor\symfony\http-kernel\Kernel.php:192        Glpi\Kernel\Kernel->boot()
  .\public\index.php:70                              Symfony\Component\HttpKernel\Kernel->handle()

[2026-08-04 07:47:02] glpi.CRITICAL:   *** Uncaught PHP Exception Twig\Error\RuntimeError: "An exception has been thrown during the rendering of a template ("Class "Normalizer" not found") in "layout/parts/user_header.html.twig" at line 44." at user_header.html.twig line 44
  Backtrace :
  ...templates\layout\parts\user_header.html.twig:44 
  .\vendor\twig\twig\src\Template.php:358            Twig\Template->yield()
  .\vendor\twig\twig\src\Template.php:373            Twig\Template->display()
  .\vendor\twig\twig\src\TemplateWrapper.php:51      Twig\Template->render()
  ...\twig\twig\src\Extension\CoreExtension.php:1520 Twig\TemplateWrapper->render()
  ...tes\36\3686e331624595bffea4cff7690af24b.php:136 Twig\Extension\CoreExtension::include()
  .\vendor\twig\twig\src\Template.php:402            __TwigTemplate_83fefe2249eb927be672fb1815787db5->doDisplay()
  .\vendor\twig\twig\src\Template.php:358            Twig\Template->yield()
  .\vendor\twig\twig\src\TemplateWrapper.php:61      Twig\Template->display()
  ...\Glpi\Application\View\TemplateRenderer.php:188 Twig\TemplateWrapper->display()
  .\src\Html.php:1656                                Glpi\Application\View\TemplateRenderer->display()
  :                                                  Html::header()
  ...Application\View\Extension\PhpExtension.php:105 call_user_func_array()
  ...ates\e3\e32cee38ac257ddfbf06b8cecf01e1fb.php:53 Glpi\Application\View\Extension\PhpExtension->call()
  .\vendor\twig\twig\src\Template.php:402            __TwigTemplate_0eeba608cafbc545d4fecb970a9d6ec7->doDisplay()
  ...ates\3c\3cc3313e1a3cc75fe0fede8c58d5346b.php:52 Twig\Template->yield()
  .\vendor\twig\twig\src\Template.php:402            __TwigTemplate_10fa7b9afa61a0dddc4acae59e420713->doDisplay()
  .\vendor\twig\twig\src\Template.php:358            Twig\Template->yield()
  .\vendor\twig\twig\src\Template.php:373            Twig\Template->display()
  .\vendor\twig\twig\src\TemplateWrapper.php:51      Twig\Template->render()
  ...\Glpi\Application\View\TemplateRenderer.php:170 Twig\TemplateWrapper->render()
  .\src\Glpi\Controller\AbstractController.php:68    Glpi\Application\View\TemplateRenderer->render()
  .\src\Glpi\Controller\CentralController.php:75     Glpi\Controller\AbstractController->render()
  .\vendor\symfony\http-kernel\HttpKernel.php:181    Glpi\Controller\CentralController->__invoke()
  .\vendor\symfony\http-kernel\HttpKernel.php:76     Symfony\Component\HttpKernel\HttpKernel->handleRaw()
  .\vendor\symfony\http-kernel\Kernel.php:197        Symfony\Component\HttpKernel\HttpKernel->handle()
  .\public\index.php:70                              Symfony\Component\HttpKernel\Kernel->handle()
  Previous: Class "Normalizer" not found
  ...dor\symfony\string\AbstractUnicodeString.php:31 
  ...ates\81\814e8899ee50aa4fa1bb06a6d84f1a46.php:73 Twig\Extra\String\StringExtension->createUnicodeString()
  .\vendor\twig\twig\src\Template.php:402            __TwigTemplate_21510ba3c34b060767ab9d976fdb532b->doDisplay()
  .\vendor\twig\twig\src\Template.php:358            Twig\Template->yield()
  .\vendor\twig\twig\src\Template.php:373            Twig\Template->display()
  .\vendor\twig\twig\src\TemplateWrapper.php:51      Twig\Template->render()
  ...\twig\twig\src\Extension\CoreExtension.php:1520 Twig\TemplateWrapper->render()
  ...tes\36\3686e331624595bffea4cff7690af24b.php:136 Twig\Extension\CoreExtension::include()
  .\vendor\twig\twig\src\Template.php:402            __TwigTemplate_83fefe2249eb927be672fb1815787db5->doDisplay()
  .\vendor\twig\twig\src\Template.php:358            Twig\Template->yield()
  .\vendor\twig\twig\src\TemplateWrapper.php:61      Twig\Template->display()
  ...\Glpi\Application\View\TemplateRenderer.php:188 Twig\TemplateWrapper->display()
  .\src\Html.php:1656                                Glpi\Application\View\TemplateRenderer->display()
  :                                                  Html::header()
  ...Application\View\Extension\PhpExtension.php:105 call_user_func_array()
  ...ates\e3\e32cee38ac257ddfbf06b8cecf01e1fb.php:53 Glpi\Application\View\Extension\PhpExtension->call()
  .\vendor\twig\twig\src\Template.php:402            __TwigTemplate_0eeba608cafbc545d4fecb970a9d6ec7->doDisplay()
  ...ates\3c\3cc3313e1a3cc75fe0fede8c58d5346b.php:52 Twig\Template->yield()
  .\vendor\twig\twig\src\Template.php:402            __TwigTemplate_10fa7b9afa61a0dddc4acae59e420713->doDisplay()
  .\vendor\twig\twig\src\Template.php:358            Twig\Template->yield()
  .\vendor\twig\twig\src\Template.php:373            Twig\Template->display()
  .\vendor\twig\twig\src\TemplateWrapper.php:51      Twig\Template->render()
  ...\Glpi\Application\View\TemplateRenderer.php:170 Twig\TemplateWrapper->render()
  .\src\Glpi\Controller\AbstractController.php:68    Glpi\Application\View\TemplateRenderer->render()
  .\src\Glpi\Controller\CentralController.php:75     Glpi\Controller\AbstractController->render()
  .\vendor\symfony\http-kernel\HttpKernel.php:181    Glpi\Controller\CentralController->__invoke()
  .\vendor\symfony\http-kernel\HttpKernel.php:76     Symfony\Component\HttpKernel\HttpKernel->handleRaw()
  .\vendor\symfony\http-kernel\Kernel.php:197        Symfony\Component\HttpKernel\HttpKernel->handle()
  .\public\index.php:70                              Symfony\Component\HttpKernel\Kernel->handle()

[2026-08-04 07:48:05] glpi.WARNING:   *** User Warning: Missing required intl PHP extension at Session.php line 856
  Backtrace :
  .\src\Session.php:856                              
  ...l\Listener\PostBootListener\LoadLanguage.php:56 Session::loadLanguage()
  ...ymfony\event-dispatcher\EventDispatcher.php:260 Glpi\Kernel\Listener\PostBootListener\LoadLanguage->onPostBoot()
  ...ymfony\event-dispatcher\EventDispatcher.php:220 Symfony\Component\EventDispatcher\EventDispatcher::Symfony\Component\EventDispatcher\{closure}()
  ...symfony\event-dispatcher\EventDispatcher.php:56 Symfony\Component\EventDispatcher\EventDispatcher->callListeners()
  .\src\Glpi\Kernel\Kernel.php:149                   Symfony\Component\EventDispatcher\EventDispatcher->dispatch()
  .\vendor\symfony\http-kernel\Kernel.php:192        Glpi\Kernel\Kernel->boot()
  .\public\index.php:70                              Symfony\Component\HttpKernel\Kernel->handle()

[2026-08-04 07:48:06] glpi.CRITICAL:   *** Uncaught PHP Exception Twig\Error\RuntimeError: "An exception has been thrown during the rendering of a template ("Class "Normalizer" not found") in "layout/parts/user_header.html.twig" at line 44." at user_header.html.twig line 44
  Backtrace :
  ...templates\layout\parts\user_header.html.twig:44 
  .\vendor\twig\twig\src\Template.php:358            Twig\Template->yield()
  .\vendor\twig\twig\src\Template.php:373            Twig\Template->display()
  .\vendor\twig\twig\src\TemplateWrapper.php:51      Twig\Template->render()
  ...\twig\twig\src\Extension\CoreExtension.php:1520 Twig\TemplateWrapper->render()
  ...tes\36\3686e331624595bffea4cff7690af24b.php:136 Twig\Extension\CoreExtension::include()
  .\vendor\twig\twig\src\Template.php:402            __TwigTemplate_83fefe2249eb927be672fb1815787db5->doDisplay()
  .\vendor\twig\twig\src\Template.php:358            Twig\Template->yield()
  .\vendor\twig\twig\src\TemplateWrapper.php:61      Twig\Template->display()
  ...\Glpi\Application\View\TemplateRenderer.php:188 Twig\TemplateWrapper->display()
  .\src\Html.php:1656                                Glpi\Application\View\TemplateRenderer->display()
  :                                                  Html::header()
  ...Application\View\Extension\PhpExtension.php:105 call_user_func_array()
  ...ates\e3\e32cee38ac257ddfbf06b8cecf01e1fb.php:53 Glpi\Application\View\Extension\PhpExtension->call()
  .\vendor\twig\twig\src\Template.php:402            __TwigTemplate_0eeba608cafbc545d4fecb970a9d6ec7->doDisplay()
  ...ates\3c\3cc3313e1a3cc75fe0fede8c58d5346b.php:52 Twig\Template->yield()
  .\vendor\twig\twig\src\Template.php:402            __TwigTemplate_10fa7b9afa61a0dddc4acae59e420713->doDisplay()
  .\vendor\twig\twig\src\Template.php:358            Twig\Template->yield()
  .\vendor\twig\twig\src\Template.php:373            Twig\Template->display()
  .\vendor\twig\twig\src\TemplateWrapper.php:51      Twig\Template->render()
  ...\Glpi\Application\View\TemplateRenderer.php:170 Twig\TemplateWrapper->render()
  .\src\Glpi\Controller\AbstractController.php:68    Glpi\Application\View\TemplateRenderer->render()
  .\src\Glpi\Controller\CentralController.php:75     Glpi\Controller\AbstractController->render()
  .\vendor\symfony\http-kernel\HttpKernel.php:181    Glpi\Controller\CentralController->__invoke()
  .\vendor\symfony\http-kernel\HttpKernel.php:76     Symfony\Component\HttpKernel\HttpKernel->handleRaw()
  .\vendor\symfony\http-kernel\Kernel.php:197        Symfony\Component\HttpKernel\HttpKernel->handle()
  .\public\index.php:70                              Symfony\Component\HttpKernel\Kernel->handle()
  Previous: Class "Normalizer" not found
  ...dor\symfony\string\AbstractUnicodeString.php:31 
  ...ates\81\814e8899ee50aa4fa1bb06a6d84f1a46.php:73 Twig\Extra\String\StringExtension->createUnicodeString()
  .\vendor\twig\twig\src\Template.php:402            __TwigTemplate_21510ba3c34b060767ab9d976fdb532b->doDisplay()
  .\vendor\twig\twig\src\Template.php:358            Twig\Template->yield()
  .\vendor\twig\twig\src\Template.php:373            Twig\Template->display()
  .\vendor\twig\twig\src\TemplateWrapper.php:51      Twig\Template->render()
  ...\twig\twig\src\Extension\CoreExtension.php:1520 Twig\TemplateWrapper->render()
  ...tes\36\3686e331624595bffea4cff7690af24b.php:136 Twig\Extension\CoreExtension::include()
  .\vendor\twig\twig\src\Template.php:402            __TwigTemplate_83fefe2249eb927be672fb1815787db5->doDisplay()
  .\vendor\twig\twig\src\Template.php:358            Twig\Template->yield()
  .\vendor\twig\twig\src\TemplateWrapper.php:61      Twig\Template->display()
  ...\Glpi\Application\View\TemplateRenderer.php:188 Twig\TemplateWrapper->display()
  .\src\Html.php:1656                                Glpi\Application\View\TemplateRenderer->display()
  :                                                  Html::header()
  ...Application\View\Extension\PhpExtension.php:105 call_user_func_array()
  ...ates\e3\e32cee38ac257ddfbf06b8cecf01e1fb.php:53 Glpi\Application\View\Extension\PhpExtension->call()
  .\vendor\twig\twig\src\Template.php:402            __TwigTemplate_0eeba608cafbc545d4fecb970a9d6ec7->doDisplay()
  ...ates\3c\3cc3313e1a3cc75fe0fede8c58d5346b.php:52 Twig\Template->yield()
  .\vendor\twig\twig\src\Template.php:402            __TwigTemplate_10fa7b9afa61a0dddc4acae59e420713->doDisplay()
  .\vendor\twig\twig\src\Template.php:358            Twig\Template->yield()
  .\vendor\twig\twig\src\Template.php:373            Twig\Template->display()
  .\vendor\twig\twig\src\TemplateWrapper.php:51      Twig\Template->render()
  ...\Glpi\Application\View\TemplateRenderer.php:170 Twig\TemplateWrapper->render()
  .\src\Glpi\Controller\AbstractController.php:68    Glpi\Application\View\TemplateRenderer->render()
  .\src\Glpi\Controller\CentralController.php:75     Glpi\Controller\AbstractController->render()
  .\vendor\symfony\http-kernel\HttpKernel.php:181    Glpi\Controller\CentralController->__invoke()
  .\vendor\symfony\http-kernel\HttpKernel.php:76     Symfony\Component\HttpKernel\HttpKernel->handleRaw()
  .\vendor\symfony\http-kernel\Kernel.php:197        Symfony\Component\HttpKernel\HttpKernel->handle()
  .\public\index.php:70                              Symfony\Component\HttpKernel\Kernel->handle()

[2026-08-04 07:48:18] glpi.WARNING:   *** User Warning: Missing required intl PHP extension at Session.php line 856
  Backtrace :
  .\src\Session.php:856                              
  ...l\Listener\PostBootListener\LoadLanguage.php:56 Session::loadLanguage()
  ...ymfony\event-dispatcher\EventDispatcher.php:260 Glpi\Kernel\Listener\PostBootListener\LoadLanguage->onPostBoot()
  ...ymfony\event-dispatcher\EventDispatcher.php:220 Symfony\Component\EventDispatcher\EventDispatcher::Symfony\Component\EventDispatcher\{closure}()
  ...symfony\event-dispatcher\EventDispatcher.php:56 Symfony\Component\EventDispatcher\EventDispatcher->callListeners()
  .\src\Glpi\Kernel\Kernel.php:149                   Symfony\Component\EventDispatcher\EventDispatcher->dispatch()
  .\vendor\symfony\http-kernel\Kernel.php:192        Glpi\Kernel\Kernel->boot()
  .\public\index.php:70                              Symfony\Component\HttpKernel\Kernel->handle()

[2026-08-04 07:48:19] glpi.WARNING:   *** User Warning: Missing required intl PHP extension at Session.php line 856
  Backtrace :
  .\src\Session.php:856                              
  ...l\Listener\PostBootListener\LoadLanguage.php:56 Session::loadLanguage()
  ...ymfony\event-dispatcher\EventDispatcher.php:260 Glpi\Kernel\Listener\PostBootListener\LoadLanguage->onPostBoot()
  ...ymfony\event-dispatcher\EventDispatcher.php:220 Symfony\Component\EventDispatcher\EventDispatcher::Symfony\Component\EventDispatcher\{closure}()
  ...symfony\event-dispatcher\EventDispatcher.php:56 Symfony\Component\EventDispatcher\EventDispatcher->callListeners()
  .\src\Glpi\Kernel\Kernel.php:149                   Symfony\Component\EventDispatcher\EventDispatcher->dispatch()
  .\vendor\symfony\http-kernel\Kernel.php:192        Glpi\Kernel\Kernel->boot()
  .\public\index.php:70                              Symfony\Component\HttpKernel\Kernel->handle()

[2026-08-04 07:48:19] glpi.CRITICAL:   *** Uncaught PHP Exception Twig\Error\RuntimeError: "An exception has been thrown during the rendering of a template ("Class "Normalizer" not found") in "layout/parts/user_header.html.twig" at line 44." at user_header.html.twig line 44
  Backtrace :
  ...templates\layout\parts\user_header.html.twig:44 
  .\vendor\twig\twig\src\Template.php:358            Twig\Template->yield()
  .\vendor\twig\twig\src\Template.php:373            Twig\Template->display()
  .\vendor\twig\twig\src\TemplateWrapper.php:51      Twig\Template->render()
  ...\twig\twig\src\Extension\CoreExtension.php:1520 Twig\TemplateWrapper->render()
  ...tes\36\3686e331624595bffea4cff7690af24b.php:136 Twig\Extension\CoreExtension::include()
  .\vendor\twig\twig\src\Template.php:402            __TwigTemplate_83fefe2249eb927be672fb1815787db5->doDisplay()
  .\vendor\twig\twig\src\Template.php:358            Twig\Template->yield()
  .\vendor\twig\twig\src\TemplateWrapper.php:61      Twig\Template->display()
  ...\Glpi\Application\View\TemplateRenderer.php:188 Twig\TemplateWrapper->display()
  .\src\Html.php:1656                                Glpi\Application\View\TemplateRenderer->display()
  :                                                  Html::header()
  ...Application\View\Extension\PhpExtension.php:105 call_user_func_array()
  ...ates\e3\e32cee38ac257ddfbf06b8cecf01e1fb.php:53 Glpi\Application\View\Extension\PhpExtension->call()
  .\vendor\twig\twig\src\Template.php:402            __TwigTemplate_0eeba608cafbc545d4fecb970a9d6ec7->doDisplay()
  ...ates\3c\3cc3313e1a3cc75fe0fede8c58d5346b.php:52 Twig\Template->yield()
  .\vendor\twig\twig\src\Template.php:402            __TwigTemplate_10fa7b9afa61a0dddc4acae59e420713->doDisplay()
  .\vendor\twig\twig\src\Template.php:358            Twig\Template->yield()
  .\vendor\twig\twig\src\Template.php:373            Twig\Template->display()
  .\vendor\twig\twig\src\TemplateWrapper.php:51      Twig\Template->render()
  ...\Glpi\Application\View\TemplateRenderer.php:170 Twig\TemplateWrapper->render()
  .\src\Glpi\Controller\AbstractController.php:68    Glpi\Application\View\TemplateRenderer->render()
  .\src\Glpi\Controller\CentralController.php:75     Glpi\Controller\AbstractController->render()
  .\vendor\symfony\http-kernel\HttpKernel.php:181    Glpi\Controller\CentralController->__invoke()
  .\vendor\symfony\http-kernel\HttpKernel.php:76     Symfony\Component\HttpKernel\HttpKernel->handleRaw()
  .\vendor\symfony\http-kernel\Kernel.php:197        Symfony\Component\HttpKernel\HttpKernel->handle()
  .\public\index.php:70                              Symfony\Component\HttpKernel\Kernel->handle()
  Previous: Class "Normalizer" not found
  ...dor\symfony\string\AbstractUnicodeString.php:31 
  ...ates\81\814e8899ee50aa4fa1bb06a6d84f1a46.php:73 Twig\Extra\String\StringExtension->createUnicodeString()
  .\vendor\twig\twig\src\Template.php:402            __TwigTemplate_21510ba3c34b060767ab9d976fdb532b->doDisplay()
  .\vendor\twig\twig\src\Template.php:358            Twig\Template->yield()
  .\vendor\twig\twig\src\Template.php:373            Twig\Template->display()
  .\vendor\twig\twig\src\TemplateWrapper.php:51      Twig\Template->render()
  ...\twig\twig\src\Extension\CoreExtension.php:1520 Twig\TemplateWrapper->render()
  ...tes\36\3686e331624595bffea4cff7690af24b.php:136 Twig\Extension\CoreExtension::include()
  .\vendor\twig\twig\src\Template.php:402            __TwigTemplate_83fefe2249eb927be672fb1815787db5->doDisplay()
  .\vendor\twig\twig\src\Template.php:358            Twig\Template->yield()
  .\vendor\twig\twig\src\TemplateWrapper.php:61      Twig\Template->display()
  ...\Glpi\Application\View\TemplateRenderer.php:188 Twig\TemplateWrapper->display()
  .\src\Html.php:1656                                Glpi\Application\View\TemplateRenderer->display()
  :                                                  Html::header()
  ...Application\View\Extension\PhpExtension.php:105 call_user_func_array()
  ...ates\e3\e32cee38ac257ddfbf06b8cecf01e1fb.php:53 Glpi\Application\View\Extension\PhpExtension->call()
  .\vendor\twig\twig\src\Template.php:402            __TwigTemplate_0eeba608cafbc545d4fecb970a9d6ec7->doDisplay()
  ...ates\3c\3cc3313e1a3cc75fe0fede8c58d5346b.php:52 Twig\Template->yield()
  .\vendor\twig\twig\src\Template.php:402            __TwigTemplate_10fa7b9afa61a0dddc4acae59e420713->doDisplay()
  .\vendor\twig\twig\src\Template.php:358            Twig\Template->yield()
  .\vendor\twig\twig\src\Template.php:373            Twig\Template->display()
  .\vendor\twig\twig\src\TemplateWrapper.php:51      Twig\Template->render()
  ...\Glpi\Application\View\TemplateRenderer.php:170 Twig\TemplateWrapper->render()
  .\src\Glpi\Controller\AbstractController.php:68    Glpi\Application\View\TemplateRenderer->render()
  .\src\Glpi\Controller\CentralController.php:75     Glpi\Controller\AbstractController->render()
  .\vendor\symfony\http-kernel\HttpKernel.php:181    Glpi\Controller\CentralController->__invoke()
  .\vendor\symfony\http-kernel\HttpKernel.php:76     Symfony\Component\HttpKernel\HttpKernel->handleRaw()
  .\vendor\symfony\http-kernel\Kernel.php:197        Symfony\Component\HttpKernel\HttpKernel->handle()
  .\public\index.php:70                              Symfony\Component\HttpKernel\Kernel->handle()

[2026-08-04 07:48:30] glpi.WARNING:   *** User Warning: Missing required intl PHP extension at Session.php line 856
  Backtrace :
  .\src\Session.php:856                              
  ...l\Listener\PostBootListener\LoadLanguage.php:56 Session::loadLanguage()
  ...ymfony\event-dispatcher\EventDispatcher.php:260 Glpi\Kernel\Listener\PostBootListener\LoadLanguage->onPostBoot()
  ...ymfony\event-dispatcher\EventDispatcher.php:220 Symfony\Component\EventDispatcher\EventDispatcher::Symfony\Component\EventDispatcher\{closure}()
  ...symfony\event-dispatcher\EventDispatcher.php:56 Symfony\Component\EventDispatcher\EventDispatcher->callListeners()
  .\src\Glpi\Kernel\Kernel.php:149                   Symfony\Component\EventDispatcher\EventDispatcher->dispatch()
  .\vendor\symfony\http-kernel\Kernel.php:192        Glpi\Kernel\Kernel->boot()
  .\public\index.php:70                              Symfony\Component\HttpKernel\Kernel->handle()

[2026-08-04 07:48:31] glpi.WARNING:   *** User Warning: Missing required intl PHP extension at Session.php line 856
  Backtrace :
  .\src\Session.php:856                              
  ...l\Listener\PostBootListener\LoadLanguage.php:56 Session::loadLanguage()
  ...ymfony\event-dispatcher\EventDispatcher.php:260 Glpi\Kernel\Listener\PostBootListener\LoadLanguage->onPostBoot()
  ...ymfony\event-dispatcher\EventDispatcher.php:220 Symfony\Component\EventDispatcher\EventDispatcher::Symfony\Component\EventDispatcher\{closure}()
  ...symfony\event-dispatcher\EventDispatcher.php:56 Symfony\Component\EventDispatcher\EventDispatcher->callListeners()
  .\src\Glpi\Kernel\Kernel.php:149                   Symfony\Component\EventDispatcher\EventDispatcher->dispatch()
  .\vendor\symfony\http-kernel\Kernel.php:192        Glpi\Kernel\Kernel->boot()
  .\public\index.php:70                              Symfony\Component\HttpKernel\Kernel->handle()

[2026-08-04 07:48:31] glpi.CRITICAL:   *** Uncaught PHP Exception Twig\Error\RuntimeError: "An exception has been thrown during the rendering of a template ("Class "Normalizer" not found") in "layout/parts/user_header.html.twig" at line 44." at user_header.html.twig line 44
  Backtrace :
  ...templates\layout\parts\user_header.html.twig:44 
  .\vendor\twig\twig\src\Template.php:358            Twig\Template->yield()
  .\vendor\twig\twig\src\Template.php:373            Twig\Template->display()
  .\vendor\twig\twig\src\TemplateWrapper.php:51      Twig\Template->render()
  ...\twig\twig\src\Extension\CoreExtension.php:1520 Twig\TemplateWrapper->render()
  ...tes\36\3686e331624595bffea4cff7690af24b.php:136 Twig\Extension\CoreExtension::include()
  .\vendor\twig\twig\src\Template.php:402            __TwigTemplate_83fefe2249eb927be672fb1815787db5->doDisplay()
  .\vendor\twig\twig\src\Template.php:358            Twig\Template->yield()
  .\vendor\twig\twig\src\TemplateWrapper.php:61      Twig\Template->display()
  ...\Glpi\Application\View\TemplateRenderer.php:188 Twig\TemplateWrapper->display()
  .\src\Html.php:1656                                Glpi\Application\View\TemplateRenderer->display()
  :                                                  Html::header()
  ...Application\View\Extension\PhpExtension.php:105 call_user_func_array()
  ...ates\e3\e32cee38ac257ddfbf06b8cecf01e1fb.php:53 Glpi\Application\View\Extension\PhpExtension->call()
  .\vendor\twig\twig\src\Template.php:402            __TwigTemplate_0eeba608cafbc545d4fecb970a9d6ec7->doDisplay()
  ...ates\3c\3cc3313e1a3cc75fe0fede8c58d5346b.php:52 Twig\Template->yield()
  .\vendor\twig\twig\src\Template.php:402            __TwigTemplate_10fa7b9afa61a0dddc4acae59e420713->doDisplay()
  .\vendor\twig\twig\src\Template.php:358            Twig\Template->yield()
  .\vendor\twig\twig\src\Template.php:373            Twig\Template->display()
  .\vendor\twig\twig\src\TemplateWrapper.php:51      Twig\Template->render()
  ...\Glpi\Application\View\TemplateRenderer.php:170 Twig\TemplateWrapper->render()
  .\src\Glpi\Controller\AbstractController.php:68    Glpi\Application\View\TemplateRenderer->render()
  .\src\Glpi\Controller\CentralController.php:75     Glpi\Controller\AbstractController->render()
  .\vendor\symfony\http-kernel\HttpKernel.php:181    Glpi\Controller\CentralController->__invoke()
  .\vendor\symfony\http-kernel\HttpKernel.php:76     Symfony\Component\HttpKernel\HttpKernel->handleRaw()
  .\vendor\symfony\http-kernel\Kernel.php:197        Symfony\Component\HttpKernel\HttpKernel->handle()
  .\public\index.php:70                              Symfony\Component\HttpKernel\Kernel->handle()
  Previous: Class "Normalizer" not found
  ...dor\symfony\string\AbstractUnicodeString.php:31 
  ...ates\81\814e8899ee50aa4fa1bb06a6d84f1a46.php:73 Twig\Extra\String\StringExtension->createUnicodeString()
  .\vendor\twig\twig\src\Template.php:402            __TwigTemplate_21510ba3c34b060767ab9d976fdb532b->doDisplay()
  .\vendor\twig\twig\src\Template.php:358            Twig\Template->yield()
  .\vendor\twig\twig\src\Template.php:373            Twig\Template->display()
  .\vendor\twig\twig\src\TemplateWrapper.php:51      Twig\Template->render()
  ...\twig\twig\src\Extension\CoreExtension.php:1520 Twig\TemplateWrapper->render()
  ...tes\36\3686e331624595bffea4cff7690af24b.php:136 Twig\Extension\CoreExtension::include()
  .\vendor\twig\twig\src\Template.php:402            __TwigTemplate_83fefe2249eb927be672fb1815787db5->doDisplay()
  .\vendor\twig\twig\src\Template.php:358            Twig\Template->yield()
  .\vendor\twig\twig\src\TemplateWrapper.php:61      Twig\Template->display()
  ...\Glpi\Application\View\TemplateRenderer.php:188 Twig\TemplateWrapper->display()
  .\src\Html.php:1656                                Glpi\Application\View\TemplateRenderer->display()
  :                                                  Html::header()
  ...Application\View\Extension\PhpExtension.php:105 call_user_func_array()
  ...ates\e3\e32cee38ac257ddfbf06b8cecf01e1fb.php:53 Glpi\Application\View\Extension\PhpExtension->call()
  .\vendor\twig\twig\src\Template.php:402            __TwigTemplate_0eeba608cafbc545d4fecb970a9d6ec7->doDisplay()
  ...ates\3c\3cc3313e1a3cc75fe0fede8c58d5346b.php:52 Twig\Template->yield()
  .\vendor\twig\twig\src\Template.php:402            __TwigTemplate_10fa7b9afa61a0dddc4acae59e420713->doDisplay()
  .\vendor\twig\twig\src\Template.php:358            Twig\Template->yield()
  .\vendor\twig\twig\src\Template.php:373            Twig\Template->display()
  .\vendor\twig\twig\src\TemplateWrapper.php:51      Twig\Template->render()
  ...\Glpi\Application\View\TemplateRenderer.php:170 Twig\TemplateWrapper->render()
  .\src\Glpi\Controller\AbstractController.php:68    Glpi\Application\View\TemplateRenderer->render()
  .\src\Glpi\Controller\CentralController.php:75     Glpi\Controller\AbstractController->render()
  .\vendor\symfony\http-kernel\HttpKernel.php:181    Glpi\Controller\CentralController->__invoke()
  .\vendor\symfony\http-kernel\HttpKernel.php:76     Symfony\Component\HttpKernel\HttpKernel->handleRaw()
  .\vendor\symfony\http-kernel\Kernel.php:197        Symfony\Component\HttpKernel\HttpKernel->handle()
  .\public\index.php:70                              Symfony\Component\HttpKernel\Kernel->handle()

[2026-08-04 07:50:49] glpi.WARNING:   *** User Warning: Missing required intl PHP extension at Session.php line 856
  Backtrace :
  .\src\Session.php:856                              
  ...l\Listener\PostBootListener\LoadLanguage.php:56 Session::loadLanguage()
  ...ymfony\event-dispatcher\EventDispatcher.php:260 Glpi\Kernel\Listener\PostBootListener\LoadLanguage->onPostBoot()
  ...ymfony\event-dispatcher\EventDispatcher.php:220 Symfony\Component\EventDispatcher\EventDispatcher::Symfony\Component\EventDispatcher\{closure}()
  ...symfony\event-dispatcher\EventDispatcher.php:56 Symfony\Component\EventDispatcher\EventDispatcher->callListeners()
  .\src\Glpi\Kernel\Kernel.php:149                   Symfony\Component\EventDispatcher\EventDispatcher->dispatch()
  .\vendor\symfony\http-kernel\Kernel.php:192        Glpi\Kernel\Kernel->boot()
  .\public\index.php:70                              Symfony\Component\HttpKernel\Kernel->handle()

[2026-08-04 07:50:49] glpi.CRITICAL:   *** Uncaught PHP Exception Twig\Error\RuntimeError: "An exception has been thrown during the rendering of a template ("Class "Normalizer" not found") in "layout/parts/user_header.html.twig" at line 44." at user_header.html.twig line 44
  Backtrace :
  ...templates\layout\parts\user_header.html.twig:44 
  .\vendor\twig\twig\src\Template.php:358            Twig\Template->yield()
  .\vendor\twig\twig\src\Template.php:373            Twig\Template->display()
  .\vendor\twig\twig\src\TemplateWrapper.php:51      Twig\Template->render()
  ...\twig\twig\src\Extension\CoreExtension.php:1520 Twig\TemplateWrapper->render()
  ...tes\36\3686e331624595bffea4cff7690af24b.php:136 Twig\Extension\CoreExtension::include()
  .\vendor\twig\twig\src\Template.php:402            __TwigTemplate_83fefe2249eb927be672fb1815787db5->doDisplay()
  .\vendor\twig\twig\src\Template.php:358            Twig\Template->yield()
  .\vendor\twig\twig\src\TemplateWrapper.php:61      Twig\Template->display()
  ...\Glpi\Application\View\TemplateRenderer.php:188 Twig\TemplateWrapper->display()
  .\src\Html.php:1656                                Glpi\Application\View\TemplateRenderer->display()
  :                                                  Html::header()
  ...Application\View\Extension\PhpExtension.php:105 call_user_func_array()
  ...ates\e3\e32cee38ac257ddfbf06b8cecf01e1fb.php:53 Glpi\Application\View\Extension\PhpExtension->call()
  .\vendor\twig\twig\src\Template.php:402            __TwigTemplate_0eeba608cafbc545d4fecb970a9d6ec7->doDisplay()
  ...ates\3c\3cc3313e1a3cc75fe0fede8c58d5346b.php:52 Twig\Template->yield()
  .\vendor\twig\twig\src\Template.php:402            __TwigTemplate_10fa7b9afa61a0dddc4acae59e420713->doDisplay()
  .\vendor\twig\twig\src\Template.php:358            Twig\Template->yield()
  .\vendor\twig\twig\src\Template.php:373            Twig\Template->display()
  .\vendor\twig\twig\src\TemplateWrapper.php:51      Twig\Template->render()
  ...\Glpi\Application\View\TemplateRenderer.php:170 Twig\TemplateWrapper->render()
  .\src\Glpi\Controller\AbstractController.php:68    Glpi\Application\View\TemplateRenderer->render()
  .\src\Glpi\Controller\CentralController.php:75     Glpi\Controller\AbstractController->render()
  .\vendor\symfony\http-kernel\HttpKernel.php:181    Glpi\Controller\CentralController->__invoke()
  .\vendor\symfony\http-kernel\HttpKernel.php:76     Symfony\Component\HttpKernel\HttpKernel->handleRaw()
  .\vendor\symfony\http-kernel\Kernel.php:197        Symfony\Component\HttpKernel\HttpKernel->handle()
  .\public\index.php:70                              Symfony\Component\HttpKernel\Kernel->handle()
  Previous: Class "Normalizer" not found
  ...dor\symfony\string\AbstractUnicodeString.php:31 
  ...ates\81\814e8899ee50aa4fa1bb06a6d84f1a46.php:73 Twig\Extra\String\StringExtension->createUnicodeString()
  .\vendor\twig\twig\src\Template.php:402            __TwigTemplate_21510ba3c34b060767ab9d976fdb532b->doDisplay()
  .\vendor\twig\twig\src\Template.php:358            Twig\Template->yield()
  .\vendor\twig\twig\src\Template.php:373            Twig\Template->display()
  .\vendor\twig\twig\src\TemplateWrapper.php:51      Twig\Template->render()
  ...\twig\twig\src\Extension\CoreExtension.php:1520 Twig\TemplateWrapper->render()
  ...tes\36\3686e331624595bffea4cff7690af24b.php:136 Twig\Extension\CoreExtension::include()
  .\vendor\twig\twig\src\Template.php:402            __TwigTemplate_83fefe2249eb927be672fb1815787db5->doDisplay()
  .\vendor\twig\twig\src\Template.php:358            Twig\Template->yield()
  .\vendor\twig\twig\src\TemplateWrapper.php:61      Twig\Template->display()
  ...\Glpi\Application\View\TemplateRenderer.php:188 Twig\TemplateWrapper->display()
  .\src\Html.php:1656                                Glpi\Application\View\TemplateRenderer->display()
  :                                                  Html::header()
  ...Application\View\Extension\PhpExtension.php:105 call_user_func_array()
  ...ates\e3\e32cee38ac257ddfbf06b8cecf01e1fb.php:53 Glpi\Application\View\Extension\PhpExtension->call()
  .\vendor\twig\twig\src\Template.php:402            __TwigTemplate_0eeba608cafbc545d4fecb970a9d6ec7->doDisplay()
  ...ates\3c\3cc3313e1a3cc75fe0fede8c58d5346b.php:52 Twig\Template->yield()
  .\vendor\twig\twig\src\Template.php:402            __TwigTemplate_10fa7b9afa61a0dddc4acae59e420713->doDisplay()
  .\vendor\twig\twig\src\Template.php:358            Twig\Template->yield()
  .\vendor\twig\twig\src\Template.php:373            Twig\Template->display()
  .\vendor\twig\twig\src\TemplateWrapper.php:51      Twig\Template->render()
  ...\Glpi\Application\View\TemplateRenderer.php:170 Twig\TemplateWrapper->render()
  .\src\Glpi\Controller\AbstractController.php:68    Glpi\Application\View\TemplateRenderer->render()
  .\src\Glpi\Controller\CentralController.php:75     Glpi\Controller\AbstractController->render()
  .\vendor\symfony\http-kernel\HttpKernel.php:181    Glpi\Controller\CentralController->__invoke()
  .\vendor\symfony\http-kernel\HttpKernel.php:76     Symfony\Component\HttpKernel\HttpKernel->handleRaw()
  .\vendor\symfony\http-kernel\Kernel.php:197        Symfony\Component\HttpKernel\HttpKernel->handle()
  .\public\index.php:70                              Symfony\Component\HttpKernel\Kernel->handle()

[2026-08-04 07:50:59] glpi.WARNING:   *** User Warning: Missing required intl PHP extension at Session.php line 856
  Backtrace :
  .\src\Session.php:856                              
  ...l\Listener\PostBootListener\LoadLanguage.php:56 Session::loadLanguage()
  ...ymfony\event-dispatcher\EventDispatcher.php:260 Glpi\Kernel\Listener\PostBootListener\LoadLanguage->onPostBoot()
  ...ymfony\event-dispatcher\EventDispatcher.php:220 Symfony\Component\EventDispatcher\EventDispatcher::Symfony\Component\EventDispatcher\{closure}()
  ...symfony\event-dispatcher\EventDispatcher.php:56 Symfony\Component\EventDispatcher\EventDispatcher->callListeners()
  .\src\Glpi\Kernel\Kernel.php:149                   Symfony\Component\EventDispatcher\EventDispatcher->dispatch()
  .\vendor\symfony\http-kernel\Kernel.php:192        Glpi\Kernel\Kernel->boot()
  .\public\index.php:70                              Symfony\Component\HttpKernel\Kernel->handle()

[2026-08-04 07:51:00] glpi.WARNING:   *** User Warning: Missing required intl PHP extension at Session.php line 856
  Backtrace :
  .\src\Session.php:856                              
  ...l\Listener\PostBootListener\LoadLanguage.php:56 Session::loadLanguage()
  ...ymfony\event-dispatcher\EventDispatcher.php:260 Glpi\Kernel\Listener\PostBootListener\LoadLanguage->onPostBoot()
  ...ymfony\event-dispatcher\EventDispatcher.php:220 Symfony\Component\EventDispatcher\EventDispatcher::Symfony\Component\EventDispatcher\{closure}()
  ...symfony\event-dispatcher\EventDispatcher.php:56 Symfony\Component\EventDispatcher\EventDispatcher->callListeners()
  .\src\Glpi\Kernel\Kernel.php:149                   Symfony\Component\EventDispatcher\EventDispatcher->dispatch()
  .\vendor\symfony\http-kernel\Kernel.php:192        Glpi\Kernel\Kernel->boot()
  .\public\index.php:70                              Symfony\Component\HttpKernel\Kernel->handle()

[2026-08-04 07:51:00] glpi.CRITICAL:   *** Uncaught PHP Exception Twig\Error\RuntimeError: "An exception has been thrown during the rendering of a template ("Class "Normalizer" not found") in "layout/parts/user_header.html.twig" at line 44." at user_header.html.twig line 44
  Backtrace :
  ...templates\layout\parts\user_header.html.twig:44 
  .\vendor\twig\twig\src\Template.php:358            Twig\Template->yield()
  .\vendor\twig\twig\src\Template.php:373            Twig\Template->display()
  .\vendor\twig\twig\src\TemplateWrapper.php:51      Twig\Template->render()
  ...\twig\twig\src\Extension\CoreExtension.php:1520 Twig\TemplateWrapper->render()
  ...tes\36\3686e331624595bffea4cff7690af24b.php:136 Twig\Extension\CoreExtension::include()
  .\vendor\twig\twig\src\Template.php:402            __TwigTemplate_83fefe2249eb927be672fb1815787db5->doDisplay()
  .\vendor\twig\twig\src\Template.php:358            Twig\Template->yield()
  .\vendor\twig\twig\src\TemplateWrapper.php:61      Twig\Template->display()
  ...\Glpi\Application\View\TemplateRenderer.php:188 Twig\TemplateWrapper->display()
  .\src\Html.php:1656                                Glpi\Application\View\TemplateRenderer->display()
  :                                                  Html::header()
  ...Application\View\Extension\PhpExtension.php:105 call_user_func_array()
  ...ates\e3\e32cee38ac257ddfbf06b8cecf01e1fb.php:53 Glpi\Application\View\Extension\PhpExtension->call()
  .\vendor\twig\twig\src\Template.php:402            __TwigTemplate_0eeba608cafbc545d4fecb970a9d6ec7->doDisplay()
  ...ates\3c\3cc3313e1a3cc75fe0fede8c58d5346b.php:52 Twig\Template->yield()
  .\vendor\twig\twig\src\Template.php:402            __TwigTemplate_10fa7b9afa61a0dddc4acae59e420713->doDisplay()
  .\vendor\twig\twig\src\Template.php:358            Twig\Template->yield()
  .\vendor\twig\twig\src\Template.php:373            Twig\Template->display()
  .\vendor\twig\twig\src\TemplateWrapper.php:51      Twig\Template->render()
  ...\Glpi\Application\View\TemplateRenderer.php:170 Twig\TemplateWrapper->render()
  .\src\Glpi\Controller\AbstractController.php:68    Glpi\Application\View\TemplateRenderer->render()
  .\src\Glpi\Controller\CentralController.php:75     Glpi\Controller\AbstractController->render()
  .\vendor\symfony\http-kernel\HttpKernel.php:181    Glpi\Controller\CentralController->__invoke()
  .\vendor\symfony\http-kernel\HttpKernel.php:76     Symfony\Component\HttpKernel\HttpKernel->handleRaw()
  .\vendor\symfony\http-kernel\Kernel.php:197        Symfony\Component\HttpKernel\HttpKernel->handle()
  .\public\index.php:70                              Symfony\Component\HttpKernel\Kernel->handle()
  Previous: Class "Normalizer" not found
  ...dor\symfony\string\AbstractUnicodeString.php:31 
  ...ates\81\814e8899ee50aa4fa1bb06a6d84f1a46.php:73 Twig\Extra\String\StringExtension->createUnicodeString()
  .\vendor\twig\twig\src\Template.php:402            __TwigTemplate_21510ba3c34b060767ab9d976fdb532b->doDisplay()
  .\vendor\twig\twig\src\Template.php:358            Twig\Template->yield()
  .\vendor\twig\twig\src\Template.php:373            Twig\Template->display()
  .\vendor\twig\twig\src\TemplateWrapper.php:51      Twig\Template->render()
  ...\twig\twig\src\Extension\CoreExtension.php:1520 Twig\TemplateWrapper->render()
  ...tes\36\3686e331624595bffea4cff7690af24b.php:136 Twig\Extension\CoreExtension::include()
  .\vendor\twig\twig\src\Template.php:402            __TwigTemplate_83fefe2249eb927be672fb1815787db5->doDisplay()
  .\vendor\twig\twig\src\Template.php:358            Twig\Template->yield()
  .\vendor\twig\twig\src\TemplateWrapper.php:61      Twig\Template->display()
  ...\Glpi\Application\View\TemplateRenderer.php:188 Twig\TemplateWrapper->display()
  .\src\Html.php:1656                                Glpi\Application\View\TemplateRenderer->display()
  :                                                  Html::header()
  ...Application\View\Extension\PhpExtension.php:105 call_user_func_array()
  ...ates\e3\e32cee38ac257ddfbf06b8cecf01e1fb.php:53 Glpi\Application\View\Extension\PhpExtension->call()
  .\vendor\twig\twig\src\Template.php:402            __TwigTemplate_0eeba608cafbc545d4fecb970a9d6ec7->doDisplay()
  ...ates\3c\3cc3313e1a3cc75fe0fede8c58d5346b.php:52 Twig\Template->yield()
  .\vendor\twig\twig\src\Template.php:402            __TwigTemplate_10fa7b9afa61a0dddc4acae59e420713->doDisplay()
  .\vendor\twig\twig\src\Template.php:358            Twig\Template->yield()
  .\vendor\twig\twig\src\Template.php:373            Twig\Template->display()
  .\vendor\twig\twig\src\TemplateWrapper.php:51      Twig\Template->render()
  ...\Glpi\Application\View\TemplateRenderer.php:170 Twig\TemplateWrapper->render()
  .\src\Glpi\Controller\AbstractController.php:68    Glpi\Application\View\TemplateRenderer->render()
  .\src\Glpi\Controller\CentralController.php:75     Glpi\Controller\AbstractController->render()
  .\vendor\symfony\http-kernel\HttpKernel.php:181    Glpi\Controller\CentralController->__invoke()
  .\vendor\symfony\http-kernel\HttpKernel.php:76     Symfony\Component\HttpKernel\HttpKernel->handleRaw()
  .\vendor\symfony\http-kernel\Kernel.php:197        Symfony\Component\HttpKernel\HttpKernel->handle()
  .\public\index.php:70                              Symfony\Component\HttpKernel\Kernel->handle()

[2026-08-04 07:51:39] glpi.WARNING:   *** User Warning: Missing required intl PHP extension at Session.php line 856
  Backtrace :
  .\src\Session.php:856                              
  ...l\Listener\PostBootListener\LoadLanguage.php:56 Session::loadLanguage()
  ...ymfony\event-dispatcher\EventDispatcher.php:260 Glpi\Kernel\Listener\PostBootListener\LoadLanguage->onPostBoot()
  ...ymfony\event-dispatcher\EventDispatcher.php:220 Symfony\Component\EventDispatcher\EventDispatcher::Symfony\Component\EventDispatcher\{closure}()
  ...symfony\event-dispatcher\EventDispatcher.php:56 Symfony\Component\EventDispatcher\EventDispatcher->callListeners()
  .\src\Glpi\Kernel\Kernel.php:149                   Symfony\Component\EventDispatcher\EventDispatcher->dispatch()
  .\vendor\symfony\http-kernel\Kernel.php:192        Glpi\Kernel\Kernel->boot()
  .\public\index.php:70                              Symfony\Component\HttpKernel\Kernel->handle()

[2026-08-04 07:51:40] glpi.WARNING:   *** User Warning: Missing required intl PHP extension at Session.php line 856
  Backtrace :
  .\src\Session.php:856                              
  ...l\Listener\PostBootListener\LoadLanguage.php:56 Session::loadLanguage()
  ...ymfony\event-dispatcher\EventDispatcher.php:260 Glpi\Kernel\Listener\PostBootListener\LoadLanguage->onPostBoot()
  ...ymfony\event-dispatcher\EventDispatcher.php:220 Symfony\Component\EventDispatcher\EventDispatcher::Symfony\Component\EventDispatcher\{closure}()
  ...symfony\event-dispatcher\EventDispatcher.php:56 Symfony\Component\EventDispatcher\EventDispatcher->callListeners()
  .\src\Glpi\Kernel\Kernel.php:149                   Symfony\Component\EventDispatcher\EventDispatcher->dispatch()
  .\vendor\symfony\http-kernel\Kernel.php:192        Glpi\Kernel\Kernel->boot()
  .\public\index.php:70                              Symfony\Component\HttpKernel\Kernel->handle()

[2026-08-04 07:51:40] glpi.CRITICAL:   *** Uncaught PHP Exception Twig\Error\RuntimeError: "An exception has been thrown during the rendering of a template ("Class "Normalizer" not found") in "layout/parts/user_header.html.twig" at line 44." at user_header.html.twig line 44
  Backtrace :
  ...templates\layout\parts\user_header.html.twig:44 
  .\vendor\twig\twig\src\Template.php:358            Twig\Template->yield()
  .\vendor\twig\twig\src\Template.php:373            Twig\Template->display()
  .\vendor\twig\twig\src\TemplateWrapper.php:51      Twig\Template->render()
  ...\twig\twig\src\Extension\CoreExtension.php:1520 Twig\TemplateWrapper->render()
  ...tes\36\3686e331624595bffea4cff7690af24b.php:136 Twig\Extension\CoreExtension::include()
  .\vendor\twig\twig\src\Template.php:402            __TwigTemplate_83fefe2249eb927be672fb1815787db5->doDisplay()
  .\vendor\twig\twig\src\Template.php:358            Twig\Template->yield()
  .\vendor\twig\twig\src\TemplateWrapper.php:61      Twig\Template->display()
  ...\Glpi\Application\View\TemplateRenderer.php:188 Twig\TemplateWrapper->display()
  .\src\Html.php:1656                                Glpi\Application\View\TemplateRenderer->display()
  :                                                  Html::header()
  ...Application\View\Extension\PhpExtension.php:105 call_user_func_array()
  ...ates\e3\e32cee38ac257ddfbf06b8cecf01e1fb.php:53 Glpi\Application\View\Extension\PhpExtension->call()
  .\vendor\twig\twig\src\Template.php:402            __TwigTemplate_0eeba608cafbc545d4fecb970a9d6ec7->doDisplay()
  ...ates\3c\3cc3313e1a3cc75fe0fede8c58d5346b.php:52 Twig\Template->yield()
  .\vendor\twig\twig\src\Template.php:402            __TwigTemplate_10fa7b9afa61a0dddc4acae59e420713->doDisplay()
  .\vendor\twig\twig\src\Template.php:358            Twig\Template->yield()
  .\vendor\twig\twig\src\Template.php:373            Twig\Template->display()
  .\vendor\twig\twig\src\TemplateWrapper.php:51      Twig\Template->render()
  ...\Glpi\Application\View\TemplateRenderer.php:170 Twig\TemplateWrapper->render()
  .\src\Glpi\Controller\AbstractController.php:68    Glpi\Application\View\TemplateRenderer->render()
  .\src\Glpi\Controller\CentralController.php:75     Glpi\Controller\AbstractController->render()
  .\vendor\symfony\http-kernel\HttpKernel.php:181    Glpi\Controller\CentralController->__invoke()
  .\vendor\symfony\http-kernel\HttpKernel.php:76     Symfony\Component\HttpKernel\HttpKernel->handleRaw()
  .\vendor\symfony\http-kernel\Kernel.php:197        Symfony\Component\HttpKernel\HttpKernel->handle()
  .\public\index.php:70                              Symfony\Component\HttpKernel\Kernel->handle()
  Previous: Class "Normalizer" not found
  ...dor\symfony\string\AbstractUnicodeString.php:31 
  ...ates\81\814e8899ee50aa4fa1bb06a6d84f1a46.php:73 Twig\Extra\String\StringExtension->createUnicodeString()
  .\vendor\twig\twig\src\Template.php:402            __TwigTemplate_21510ba3c34b060767ab9d976fdb532b->doDisplay()
  .\vendor\twig\twig\src\Template.php:358            Twig\Template->yield()
  .\vendor\twig\twig\src\Template.php:373            Twig\Template->display()
  .\vendor\twig\twig\src\TemplateWrapper.php:51      Twig\Template->render()
  ...\twig\twig\src\Extension\CoreExtension.php:1520 Twig\TemplateWrapper->render()
  ...tes\36\3686e331624595bffea4cff7690af24b.php:136 Twig\Extension\CoreExtension::include()
  .\vendor\twig\twig\src\Template.php:402            __TwigTemplate_83fefe2249eb927be672fb1815787db5->doDisplay()
  .\vendor\twig\twig\src\Template.php:358            Twig\Template->yield()
  .\vendor\twig\twig\src\TemplateWrapper.php:61      Twig\Template->display()
  ...\Glpi\Application\View\TemplateRenderer.php:188 Twig\TemplateWrapper->display()
  .\src\Html.php:1656                                Glpi\Application\View\TemplateRenderer->display()
  :                                                  Html::header()
  ...Application\View\Extension\PhpExtension.php:105 call_user_func_array()
  ...ates\e3\e32cee38ac257ddfbf06b8cecf01e1fb.php:53 Glpi\Application\View\Extension\PhpExtension->call()
  .\vendor\twig\twig\src\Template.php:402            __TwigTemplate_0eeba608cafbc545d4fecb970a9d6ec7->doDisplay()
  ...ates\3c\3cc3313e1a3cc75fe0fede8c58d5346b.php:52 Twig\Template->yield()
  .\vendor\twig\twig\src\Template.php:402            __TwigTemplate_10fa7b9afa61a0dddc4acae59e420713->doDisplay()
  .\vendor\twig\twig\src\Template.php:358            Twig\Template->yield()
  .\vendor\twig\twig\src\Template.php:373            Twig\Template->display()
  .\vendor\twig\twig\src\TemplateWrapper.php:51      Twig\Template->render()
  ...\Glpi\Application\View\TemplateRenderer.php:170 Twig\TemplateWrapper->render()
  .\src\Glpi\Controller\AbstractController.php:68    Glpi\Application\View\TemplateRenderer->render()
  .\src\Glpi\Controller\CentralController.php:75     Glpi\Controller\AbstractController->render()
  .\vendor\symfony\http-kernel\HttpKernel.php:181    Glpi\Controller\CentralController->__invoke()
  .\vendor\symfony\http-kernel\HttpKernel.php:76     Symfony\Component\HttpKernel\HttpKernel->handleRaw()
  .\vendor\symfony\http-kernel\Kernel.php:197        Symfony\Component\HttpKernel\HttpKernel->handle()
  .\public\index.php:70                              Symfony\Component\HttpKernel\Kernel->handle()

[2026-08-04 07:54:29] glpi.WARNING:   *** User Warning: Missing required intl PHP extension at Session.php line 856
  Backtrace :
  .\src\Session.php:856                              
  ...l\Listener\PostBootListener\LoadLanguage.php:56 Session::loadLanguage()
  ...ymfony\event-dispatcher\EventDispatcher.php:260 Glpi\Kernel\Listener\PostBootListener\LoadLanguage->onPostBoot()
  ...ymfony\event-dispatcher\EventDispatcher.php:220 Symfony\Component\EventDispatcher\EventDispatcher::Symfony\Component\EventDispatcher\{closure}()
  ...symfony\event-dispatcher\EventDispatcher.php:56 Symfony\Component\EventDispatcher\EventDispatcher->callListeners()
  .\src\Glpi\Kernel\Kernel.php:149                   Symfony\Component\EventDispatcher\EventDispatcher->dispatch()
  .\vendor\symfony\http-kernel\Kernel.php:192        Glpi\Kernel\Kernel->boot()
  .\public\index.php:70                              Symfony\Component\HttpKernel\Kernel->handle()

[2026-08-04 07:54:30] glpi.WARNING:   *** User Warning: Missing required intl PHP extension at Session.php line 856
  Backtrace :
  .\src\Session.php:856                              
  ...l\Listener\PostBootListener\LoadLanguage.php:56 Session::loadLanguage()
  ...ymfony\event-dispatcher\EventDispatcher.php:260 Glpi\Kernel\Listener\PostBootListener\LoadLanguage->onPostBoot()
  ...ymfony\event-dispatcher\EventDispatcher.php:220 Symfony\Component\EventDispatcher\EventDispatcher::Symfony\Component\EventDispatcher\{closure}()
  ...symfony\event-dispatcher\EventDispatcher.php:56 Symfony\Component\EventDispatcher\EventDispatcher->callListeners()
  .\src\Glpi\Kernel\Kernel.php:149                   Symfony\Component\EventDispatcher\EventDispatcher->dispatch()
  .\vendor\symfony\http-kernel\Kernel.php:192        Glpi\Kernel\Kernel->boot()
  .\public\index.php:70                              Symfony\Component\HttpKernel\Kernel->handle()

[2026-08-04 07:54:30] glpi.CRITICAL:   *** Uncaught PHP Exception Twig\Error\RuntimeError: "An exception has been thrown during the rendering of a template ("Class "Normalizer" not found") in "layout/parts/user_header.html.twig" at line 44." at user_header.html.twig line 44
  Backtrace :
  ...templates\layout\parts\user_header.html.twig:44 
  .\vendor\twig\twig\src\Template.php:358            Twig\Template->yield()
  .\vendor\twig\twig\src\Template.php:373            Twig\Template->display()
  .\vendor\twig\twig\src\TemplateWrapper.php:51      Twig\Template->render()
  ...\twig\twig\src\Extension\CoreExtension.php:1520 Twig\TemplateWrapper->render()
  ...tes\36\3686e331624595bffea4cff7690af24b.php:136 Twig\Extension\CoreExtension::include()
  .\vendor\twig\twig\src\Template.php:402            __TwigTemplate_83fefe2249eb927be672fb1815787db5->doDisplay()
  .\vendor\twig\twig\src\Template.php:358            Twig\Template->yield()
  .\vendor\twig\twig\src\TemplateWrapper.php:61      Twig\Template->display()
  ...\Glpi\Application\View\TemplateRenderer.php:188 Twig\TemplateWrapper->display()
  .\src\Html.php:1656                                Glpi\Application\View\TemplateRenderer->display()
  :                                                  Html::header()
  ...Application\View\Extension\PhpExtension.php:105 call_user_func_array()
  ...ates\e3\e32cee38ac257ddfbf06b8cecf01e1fb.php:53 Glpi\Application\View\Extension\PhpExtension->call()
  .\vendor\twig\twig\src\Template.php:402            __TwigTemplate_0eeba608cafbc545d4fecb970a9d6ec7->doDisplay()
  ...ates\3c\3cc3313e1a3cc75fe0fede8c58d5346b.php:52 Twig\Template->yield()
  .\vendor\twig\twig\src\Template.php:402            __TwigTemplate_10fa7b9afa61a0dddc4acae59e420713->doDisplay()
  .\vendor\twig\twig\src\Template.php:358            Twig\Template->yield()
  .\vendor\twig\twig\src\Template.php:373            Twig\Template->display()
  .\vendor\twig\twig\src\TemplateWrapper.php:51      Twig\Template->render()
  ...\Glpi\Application\View\TemplateRenderer.php:170 Twig\TemplateWrapper->render()
  .\src\Glpi\Controller\AbstractController.php:68    Glpi\Application\View\TemplateRenderer->render()
  .\src\Glpi\Controller\CentralController.php:75     Glpi\Controller\AbstractController->render()
  .\vendor\symfony\http-kernel\HttpKernel.php:181    Glpi\Controller\CentralController->__invoke()
  .\vendor\symfony\http-kernel\HttpKernel.php:76     Symfony\Component\HttpKernel\HttpKernel->handleRaw()
  .\vendor\symfony\http-kernel\Kernel.php:197        Symfony\Component\HttpKernel\HttpKernel->handle()
  .\public\index.php:70                              Symfony\Component\HttpKernel\Kernel->handle()
  Previous: Class "Normalizer" not found
  ...dor\symfony\string\AbstractUnicodeString.php:31 
  ...ates\81\814e8899ee50aa4fa1bb06a6d84f1a46.php:73 Twig\Extra\String\StringExtension->createUnicodeString()
  .\vendor\twig\twig\src\Template.php:402            __TwigTemplate_21510ba3c34b060767ab9d976fdb532b->doDisplay()
  .\vendor\twig\twig\src\Template.php:358            Twig\Template->yield()
  .\vendor\twig\twig\src\Template.php:373            Twig\Template->display()
  .\vendor\twig\twig\src\TemplateWrapper.php:51      Twig\Template->render()
  ...\twig\twig\src\Extension\CoreExtension.php:1520 Twig\TemplateWrapper->render()
  ...tes\36\3686e331624595bffea4cff7690af24b.php:136 Twig\Extension\CoreExtension::include()
  .\vendor\twig\twig\src\Template.php:402            __TwigTemplate_83fefe2249eb927be672fb1815787db5->doDisplay()
  .\vendor\twig\twig\src\Template.php:358            Twig\Template->yield()
  .\vendor\twig\twig\src\TemplateWrapper.php:61      Twig\Template->display()
  ...\Glpi\Application\View\TemplateRenderer.php:188 Twig\TemplateWrapper->display()
  .\src\Html.php:1656                                Glpi\Application\View\TemplateRenderer->display()
  :                                                  Html::header()
  ...Application\View\Extension\PhpExtension.php:105 call_user_func_array()
  ...ates\e3\e32cee38ac257ddfbf06b8cecf01e1fb.php:53 Glpi\Application\View\Extension\PhpExtension->call()
  .\vendor\twig\twig\src\Template.php:402            __TwigTemplate_0eeba608cafbc545d4fecb970a9d6ec7->doDisplay()
  ...ates\3c\3cc3313e1a3cc75fe0fede8c58d5346b.php:52 Twig\Template->yield()
  .\vendor\twig\twig\src\Template.php:402            __TwigTemplate_10fa7b9afa61a0dddc4acae59e420713->doDisplay()
  .\vendor\twig\twig\src\Template.php:358            Twig\Template->yield()
  .\vendor\twig\twig\src\Template.php:373            Twig\Template->display()
  .\vendor\twig\twig\src\TemplateWrapper.php:51      Twig\Template->render()
  ...\Glpi\Application\View\TemplateRenderer.php:170 Twig\TemplateWrapper->render()
  .\src\Glpi\Controller\AbstractController.php:68    Glpi\Application\View\TemplateRenderer->render()
  .\src\Glpi\Controller\CentralController.php:75     Glpi\Controller\AbstractController->render()
  .\vendor\symfony\http-kernel\HttpKernel.php:181    Glpi\Controller\CentralController->__invoke()
  .\vendor\symfony\http-kernel\HttpKernel.php:76     Symfony\Component\HttpKernel\HttpKernel->handleRaw()
  .\vendor\symfony\http-kernel\Kernel.php:197        Symfony\Component\HttpKernel\HttpKernel->handle()
  .\public\index.php:70                              Symfony\Component\HttpKernel\Kernel->handle()

[2026-08-04 08:11:43] glpi.WARNING:   *** User Warning: Missing required intl PHP extension at Session.php line 856
  Backtrace :
  .\src\Session.php:856                              
  ...l\Listener\PostBootListener\LoadLanguage.php:56 Session::loadLanguage()
  ...ymfony\event-dispatcher\EventDispatcher.php:260 Glpi\Kernel\Listener\PostBootListener\LoadLanguage->onPostBoot()
  ...ymfony\event-dispatcher\EventDispatcher.php:220 Symfony\Component\EventDispatcher\EventDispatcher::Symfony\Component\EventDispatcher\{closure}()
  ...symfony\event-dispatcher\EventDispatcher.php:56 Symfony\Component\EventDispatcher\EventDispatcher->callListeners()
  .\src\Glpi\Kernel\Kernel.php:149                   Symfony\Component\EventDispatcher\EventDispatcher->dispatch()
  .\vendor\symfony\http-kernel\Kernel.php:192        Glpi\Kernel\Kernel->boot()
  .\public\index.php:70                              Symfony\Component\HttpKernel\Kernel->handle()

[2026-08-04 08:12:00] glpi.WARNING:   *** User Warning: Missing required intl PHP extension at Session.php line 856
  Backtrace :
  .\src\Session.php:856                              
  ...l\Listener\PostBootListener\LoadLanguage.php:56 Session::loadLanguage()
  ...ymfony\event-dispatcher\EventDispatcher.php:260 Glpi\Kernel\Listener\PostBootListener\LoadLanguage->onPostBoot()
  ...ymfony\event-dispatcher\EventDispatcher.php:220 Symfony\Component\EventDispatcher\EventDispatcher::Symfony\Component\EventDispatcher\{closure}()
  ...symfony\event-dispatcher\EventDispatcher.php:56 Symfony\Component\EventDispatcher\EventDispatcher->callListeners()
  .\src\Glpi\Kernel\Kernel.php:149                   Symfony\Component\EventDispatcher\EventDispatcher->dispatch()
  .\vendor\symfony\http-kernel\Kernel.php:192        Glpi\Kernel\Kernel->boot()
  .\public\index.php:70                              Symfony\Component\HttpKernel\Kernel->handle()

[2026-08-04 08:12:00] glpi.WARNING:   *** User Warning: Missing required intl PHP extension at Session.php line 856
  Backtrace :
  .\src\Session.php:856                              
  ...l\Listener\PostBootListener\LoadLanguage.php:56 Session::loadLanguage()
  ...ymfony\event-dispatcher\EventDispatcher.php:260 Glpi\Kernel\Listener\PostBootListener\LoadLanguage->onPostBoot()
  ...ymfony\event-dispatcher\EventDispatcher.php:220 Symfony\Component\EventDispatcher\EventDispatcher::Symfony\Component\EventDispatcher\{closure}()
  ...symfony\event-dispatcher\EventDispatcher.php:56 Symfony\Component\EventDispatcher\EventDispatcher->callListeners()
  .\src\Glpi\Kernel\Kernel.php:149                   Symfony\Component\EventDispatcher\EventDispatcher->dispatch()
  .\vendor\symfony\http-kernel\Kernel.php:192        Glpi\Kernel\Kernel->boot()
  .\public\index.php:70                              Symfony\Component\HttpKernel\Kernel->handle()

[2026-08-04 08:16:39] glpi.WARNING:   *** User Warning: Missing required intl PHP extension at Session.php line 856
  Backtrace :
  .\src\Session.php:856                              
  ...l\Listener\PostBootListener\LoadLanguage.php:56 Session::loadLanguage()
  ...ymfony\event-dispatcher\EventDispatcher.php:260 Glpi\Kernel\Listener\PostBootListener\LoadLanguage->onPostBoot()
  ...ymfony\event-dispatcher\EventDispatcher.php:220 Symfony\Component\EventDispatcher\EventDispatcher::Symfony\Component\EventDispatcher\{closure}()
  ...symfony\event-dispatcher\EventDispatcher.php:56 Symfony\Component\EventDispatcher\EventDispatcher->callListeners()
  .\src\Glpi\Kernel\Kernel.php:149                   Symfony\Component\EventDispatcher\EventDispatcher->dispatch()
  .\vendor\symfony\http-kernel\Kernel.php:192        Glpi\Kernel\Kernel->boot()
  .\public\index.php:70                              Symfony\Component\HttpKernel\Kernel->handle()

[2026-08-04 08:16:41] glpi.WARNING:   *** User Warning: Missing required intl PHP extension at Session.php line 856
  Backtrace :
  .\src\Session.php:856                              
  .\src\Session.php:202                              Session::loadLanguage()
  .\src\Auth.php:1151                                Session::init()
  .\front\login.php:69                               Auth->login()
  ...Glpi\Controller\LegacyFileLoadController.php:64 require()
  .\vendor\symfony\http-kernel\HttpKernel.php:181    Glpi\Controller\LegacyFileLoadController->__invoke()
  .\vendor\symfony\http-kernel\HttpKernel.php:76     Symfony\Component\HttpKernel\HttpKernel->handleRaw()
  .\vendor\symfony\http-kernel\Kernel.php:197        Symfony\Component\HttpKernel\HttpKernel->handle()
  .\public\index.php:70                              Symfony\Component\HttpKernel\Kernel->handle()

[2026-08-04 08:16:44] glpi.WARNING:   *** User Warning: Missing required intl PHP extension at Session.php line 856
  Backtrace :
  .\src\Session.php:856                              
  ...l\Listener\PostBootListener\LoadLanguage.php:56 Session::loadLanguage()
  ...ymfony\event-dispatcher\EventDispatcher.php:260 Glpi\Kernel\Listener\PostBootListener\LoadLanguage->onPostBoot()
  ...ymfony\event-dispatcher\EventDispatcher.php:220 Symfony\Component\EventDispatcher\EventDispatcher::Symfony\Component\EventDispatcher\{closure}()
  ...symfony\event-dispatcher\EventDispatcher.php:56 Symfony\Component\EventDispatcher\EventDispatcher->callListeners()
  .\src\Glpi\Kernel\Kernel.php:149                   Symfony\Component\EventDispatcher\EventDispatcher->dispatch()
  .\vendor\symfony\http-kernel\Kernel.php:192        Glpi\Kernel\Kernel->boot()
  .\public\index.php:70                              Symfony\Component\HttpKernel\Kernel->handle()

[2026-08-04 08:16:58] glpi.CRITICAL:   *** Uncaught PHP Exception Twig\Error\RuntimeError: "An exception has been thrown during the rendering of a template ("Class "Normalizer" not found") in "layout/parts/user_header.html.twig" at line 44." at user_header.html.twig line 44
  Backtrace :
  ...templates\layout\parts\user_header.html.twig:44 
  .\vendor\twig\twig\src\Template.php:358            Twig\Template->yield()
  .\vendor\twig\twig\src\Template.php:373            Twig\Template->display()
  .\vendor\twig\twig\src\TemplateWrapper.php:51      Twig\Template->render()
  ...\twig\twig\src\Extension\CoreExtension.php:1520 Twig\TemplateWrapper->render()
  ...tes\36\3686e331624595bffea4cff7690af24b.php:136 Twig\Extension\CoreExtension::include()
  .\vendor\twig\twig\src\Template.php:402            __TwigTemplate_83fefe2249eb927be672fb1815787db5->doDisplay()
  .\vendor\twig\twig\src\Template.php:358            Twig\Template->yield()
  .\vendor\twig\twig\src\TemplateWrapper.php:61      Twig\Template->display()
  ...\Glpi\Application\View\TemplateRenderer.php:188 Twig\TemplateWrapper->display()
  .\src\Html.php:1656                                Glpi\Application\View\TemplateRenderer->display()
  :                                                  Html::header()
  ...Application\View\Extension\PhpExtension.php:105 call_user_func_array()
  ...ates\e3\e32cee38ac257ddfbf06b8cecf01e1fb.php:53 Glpi\Application\View\Extension\PhpExtension->call()
  .\vendor\twig\twig\src\Template.php:402            __TwigTemplate_0eeba608cafbc545d4fecb970a9d6ec7->doDisplay()
  ...ates\3c\3cc3313e1a3cc75fe0fede8c58d5346b.php:52 Twig\Template->yield()
  .\vendor\twig\twig\src\Template.php:402            __TwigTemplate_10fa7b9afa61a0dddc4acae59e420713->doDisplay()
  .\vendor\twig\twig\src\Template.php:358            Twig\Template->yield()
  .\vendor\twig\twig\src\Template.php:373            Twig\Template->display()
  .\vendor\twig\twig\src\TemplateWrapper.php:51      Twig\Template->render()
  ...\Glpi\Application\View\TemplateRenderer.php:170 Twig\TemplateWrapper->render()
  .\src\Glpi\Controller\AbstractController.php:68    Glpi\Application\View\TemplateRenderer->render()
  .\src\Glpi\Controller\CentralController.php:75     Glpi\Controller\AbstractController->render()
  .\vendor\symfony\http-kernel\HttpKernel.php:181    Glpi\Controller\CentralController->__invoke()
  .\vendor\symfony\http-kernel\HttpKernel.php:76     Symfony\Component\HttpKernel\HttpKernel->handleRaw()
  .\vendor\symfony\http-kernel\Kernel.php:197        Symfony\Component\HttpKernel\HttpKernel->handle()
  .\public\index.php:70                              Symfony\Component\HttpKernel\Kernel->handle()
  Previous: Class "Normalizer" not found
  ...dor\symfony\string\AbstractUnicodeString.php:31 
  ...ates\81\814e8899ee50aa4fa1bb06a6d84f1a46.php:73 Twig\Extra\String\StringExtension->createUnicodeString()
  .\vendor\twig\twig\src\Template.php:402            __TwigTemplate_21510ba3c34b060767ab9d976fdb532b->doDisplay()
  .\vendor\twig\twig\src\Template.php:358            Twig\Template->yield()
  .\vendor\twig\twig\src\Template.php:373            Twig\Template->display()
  .\vendor\twig\twig\src\TemplateWrapper.php:51      Twig\Template->render()
  ...\twig\twig\src\Extension\CoreExtension.php:1520 Twig\TemplateWrapper->render()
  ...tes\36\3686e331624595bffea4cff7690af24b.php:136 Twig\Extension\CoreExtension::include()
  .\vendor\twig\twig\src\Template.php:402            __TwigTemplate_83fefe2249eb927be672fb1815787db5->doDisplay()
  .\vendor\twig\twig\src\Template.php:358            Twig\Template->yield()
  .\vendor\twig\twig\src\TemplateWrapper.php:61      Twig\Template->display()
  ...\Glpi\Application\View\TemplateRenderer.php:188 Twig\TemplateWrapper->display()
  .\src\Html.php:1656                                Glpi\Application\View\TemplateRenderer->display()
  :                                                  Html::header()
  ...Application\View\Extension\PhpExtension.php:105 call_user_func_array()
  ...ates\e3\e32cee38ac257ddfbf06b8cecf01e1fb.php:53 Glpi\Application\View\Extension\PhpExtension->call()
  .\vendor\twig\twig\src\Template.php:402            __TwigTemplate_0eeba608cafbc545d4fecb970a9d6ec7->doDisplay()
  ...ates\3c\3cc3313e1a3cc75fe0fede8c58d5346b.php:52 Twig\Template->yield()
  .\vendor\twig\twig\src\Template.php:402            __TwigTemplate_10fa7b9afa61a0dddc4acae59e420713->doDisplay()
  .\vendor\twig\twig\src\Template.php:358            Twig\Template->yield()
  .\vendor\twig\twig\src\Template.php:373            Twig\Template->display()
  .\vendor\twig\twig\src\TemplateWrapper.php:51      Twig\Template->render()
  ...\Glpi\Application\View\TemplateRenderer.php:170 Twig\TemplateWrapper->render()
  .\src\Glpi\Controller\AbstractController.php:68    Glpi\Application\View\TemplateRenderer->render()
  .\src\Glpi\Controller\CentralController.php:75     Glpi\Controller\AbstractController->render()
  .\vendor\symfony\http-kernel\HttpKernel.php:181    Glpi\Controller\CentralController->__invoke()
  .\vendor\symfony\http-kernel\HttpKernel.php:76     Symfony\Component\HttpKernel\HttpKernel->handleRaw()
  .\vendor\symfony\http-kernel\Kernel.php:197        Symfony\Component\HttpKernel\HttpKernel->handle()
  .\public\index.php:70                              Symfony\Component\HttpKernel\Kernel->handle()

[2026-08-04 08:17:08] glpi.WARNING:   *** User Warning: Missing required intl PHP extension at Session.php line 856
  Backtrace :
  .\src\Session.php:856                              
  ...l\Listener\PostBootListener\LoadLanguage.php:56 Session::loadLanguage()
  ...ymfony\event-dispatcher\EventDispatcher.php:260 Glpi\Kernel\Listener\PostBootListener\LoadLanguage->onPostBoot()
  ...ymfony\event-dispatcher\EventDispatcher.php:220 Symfony\Component\EventDispatcher\EventDispatcher::Symfony\Component\EventDispatcher\{closure}()
  ...symfony\event-dispatcher\EventDispatcher.php:56 Symfony\Component\EventDispatcher\EventDispatcher->callListeners()
  .\src\Glpi\Kernel\Kernel.php:149                   Symfony\Component\EventDispatcher\EventDispatcher->dispatch()
  .\vendor\symfony\http-kernel\Kernel.php:192        Glpi\Kernel\Kernel->boot()
  .\public\index.php:70                              Symfony\Component\HttpKernel\Kernel->handle()

[2026-08-04 08:17:08] glpi.WARNING:   *** User Warning: Missing required intl PHP extension at Session.php line 856
  Backtrace :
  .\src\Session.php:856                              
  ...l\Listener\PostBootListener\LoadLanguage.php:56 Session::loadLanguage()
  ...ymfony\event-dispatcher\EventDispatcher.php:260 Glpi\Kernel\Listener\PostBootListener\LoadLanguage->onPostBoot()
  ...ymfony\event-dispatcher\EventDispatcher.php:220 Symfony\Component\EventDispatcher\EventDispatcher::Symfony\Component\EventDispatcher\{closure}()
  ...symfony\event-dispatcher\EventDispatcher.php:56 Symfony\Component\EventDispatcher\EventDispatcher->callListeners()
  .\src\Glpi\Kernel\Kernel.php:149                   Symfony\Component\EventDispatcher\EventDispatcher->dispatch()
  .\vendor\symfony\http-kernel\Kernel.php:192        Glpi\Kernel\Kernel->boot()
  .\public\index.php:70                              Symfony\Component\HttpKernel\Kernel->handle()

[2026-08-04 08:17:09] glpi.CRITICAL:   *** Uncaught PHP Exception Twig\Error\RuntimeError: "An exception has been thrown during the rendering of a template ("Class "Normalizer" not found") in "layout/parts/user_header.html.twig" at line 44." at user_header.html.twig line 44
  Backtrace :
  ...templates\layout\parts\user_header.html.twig:44 
  .\vendor\twig\twig\src\Template.php:358            Twig\Template->yield()
  .\vendor\twig\twig\src\Template.php:373            Twig\Template->display()
  .\vendor\twig\twig\src\TemplateWrapper.php:51      Twig\Template->render()
  ...\twig\twig\src\Extension\CoreExtension.php:1520 Twig\TemplateWrapper->render()
  ...tes\36\3686e331624595bffea4cff7690af24b.php:136 Twig\Extension\CoreExtension::include()
  .\vendor\twig\twig\src\Template.php:402            __TwigTemplate_83fefe2249eb927be672fb1815787db5->doDisplay()
  .\vendor\twig\twig\src\Template.php:358            Twig\Template->yield()
  .\vendor\twig\twig\src\TemplateWrapper.php:61      Twig\Template->display()
  ...\Glpi\Application\View\TemplateRenderer.php:188 Twig\TemplateWrapper->display()
  .\src\Html.php:1656                                Glpi\Application\View\TemplateRenderer->display()
  :                                                  Html::header()
  ...Application\View\Extension\PhpExtension.php:105 call_user_func_array()
  ...ates\e3\e32cee38ac257ddfbf06b8cecf01e1fb.php:53 Glpi\Application\View\Extension\PhpExtension->call()
  .\vendor\twig\twig\src\Template.php:402            __TwigTemplate_0eeba608cafbc545d4fecb970a9d6ec7->doDisplay()
  ...ates\3c\3cc3313e1a3cc75fe0fede8c58d5346b.php:52 Twig\Template->yield()
  .\vendor\twig\twig\src\Template.php:402            __TwigTemplate_10fa7b9afa61a0dddc4acae59e420713->doDisplay()
  .\vendor\twig\twig\src\Template.php:358            Twig\Template->yield()
  .\vendor\twig\twig\src\Template.php:373            Twig\Template->display()
  .\vendor\twig\twig\src\TemplateWrapper.php:51      Twig\Template->render()
  ...\Glpi\Application\View\TemplateRenderer.php:170 Twig\TemplateWrapper->render()
  .\src\Glpi\Controller\AbstractController.php:68    Glpi\Application\View\TemplateRenderer->render()
  .\src\Glpi\Controller\CentralController.php:75     Glpi\Controller\AbstractController->render()
  .\vendor\symfony\http-kernel\HttpKernel.php:181    Glpi\Controller\CentralController->__invoke()
  .\vendor\symfony\http-kernel\HttpKernel.php:76     Symfony\Component\HttpKernel\HttpKernel->handleRaw()
  .\vendor\symfony\http-kernel\Kernel.php:197        Symfony\Component\HttpKernel\HttpKernel->handle()
  .\public\index.php:70                              Symfony\Component\HttpKernel\Kernel->handle()
  Previous: Class "Normalizer" not found
  ...dor\symfony\string\AbstractUnicodeString.php:31 
  ...ates\81\814e8899ee50aa4fa1bb06a6d84f1a46.php:73 Twig\Extra\String\StringExtension->createUnicodeString()
  .\vendor\twig\twig\src\Template.php:402            __TwigTemplate_21510ba3c34b060767ab9d976fdb532b->doDisplay()
  .\vendor\twig\twig\src\Template.php:358            Twig\Template->yield()
  .\vendor\twig\twig\src\Template.php:373            Twig\Template->display()
  .\vendor\twig\twig\src\TemplateWrapper.php:51      Twig\Template->render()
  ...\twig\twig\src\Extension\CoreExtension.php:1520 Twig\TemplateWrapper->render()
  ...tes\36\3686e331624595bffea4cff7690af24b.php:136 Twig\Extension\CoreExtension::include()
  .\vendor\twig\twig\src\Template.php:402            __TwigTemplate_83fefe2249eb927be672fb1815787db5->doDisplay()
  .\vendor\twig\twig\src\Template.php:358            Twig\Template->yield()
  .\vendor\twig\twig\src\TemplateWrapper.php:61      Twig\Template->display()
  ...\Glpi\Application\View\TemplateRenderer.php:188 Twig\TemplateWrapper->display()
  .\src\Html.php:1656                                Glpi\Application\View\TemplateRenderer->display()
  :                                                  Html::header()
  ...Application\View\Extension\PhpExtension.php:105 call_user_func_array()
  ...ates\e3\e32cee38ac257ddfbf06b8cecf01e1fb.php:53 Glpi\Application\View\Extension\PhpExtension->call()
  .\vendor\twig\twig\src\Template.php:402            __TwigTemplate_0eeba608cafbc545d4fecb970a9d6ec7->doDisplay()
  ...ates\3c\3cc3313e1a3cc75fe0fede8c58d5346b.php:52 Twig\Template->yield()
  .\vendor\twig\twig\src\Template.php:402            __TwigTemplate_10fa7b9afa61a0dddc4acae59e420713->doDisplay()
  .\vendor\twig\twig\src\Template.php:358            Twig\Template->yield()
  .\vendor\twig\twig\src\Template.php:373            Twig\Template->display()
  .\vendor\twig\twig\src\TemplateWrapper.php:51      Twig\Template->render()
  ...\Glpi\Application\View\TemplateRenderer.php:170 Twig\TemplateWrapper->render()
  .\src\Glpi\Controller\AbstractController.php:68    Glpi\Application\View\TemplateRenderer->render()
  .\src\Glpi\Controller\CentralController.php:75     Glpi\Controller\AbstractController->render()
  .\vendor\symfony\http-kernel\HttpKernel.php:181    Glpi\Controller\CentralController->__invoke()
  .\vendor\symfony\http-kernel\HttpKernel.php:76     Symfony\Component\HttpKernel\HttpKernel->handleRaw()
  .\vendor\symfony\http-kernel\Kernel.php:197        Symfony\Component\HttpKernel\HttpKernel->handle()
  .\public\index.php:70                              Symfony\Component\HttpKernel\Kernel->handle()

[2026-08-04 08:17:13] glpi.WARNING:   *** User Warning: Missing required intl PHP extension at Session.php line 856
  Backtrace :
  .\src\Session.php:856                              
  ...l\Listener\PostBootListener\LoadLanguage.php:56 Session::loadLanguage()
  ...ymfony\event-dispatcher\EventDispatcher.php:260 Glpi\Kernel\Listener\PostBootListener\LoadLanguage->onPostBoot()
  ...ymfony\event-dispatcher\EventDispatcher.php:220 Symfony\Component\EventDispatcher\EventDispatcher::Symfony\Component\EventDispatcher\{closure}()
  ...symfony\event-dispatcher\EventDispatcher.php:56 Symfony\Component\EventDispatcher\EventDispatcher->callListeners()
  .\src\Glpi\Kernel\Kernel.php:149                   Symfony\Component\EventDispatcher\EventDispatcher->dispatch()
  .\vendor\symfony\http-kernel\Kernel.php:192        Glpi\Kernel\Kernel->boot()
  .\public\index.php:70                              Symfony\Component\HttpKernel\Kernel->handle()

[2026-08-04 08:17:14] glpi.WARNING:   *** User Warning: Missing required intl PHP extension at Session.php line 856
  Backtrace :
  .\src\Session.php:856                              
  ...l\Listener\PostBootListener\LoadLanguage.php:56 Session::loadLanguage()
  ...ymfony\event-dispatcher\EventDispatcher.php:260 Glpi\Kernel\Listener\PostBootListener\LoadLanguage->onPostBoot()
  ...ymfony\event-dispatcher\EventDispatcher.php:220 Symfony\Component\EventDispatcher\EventDispatcher::Symfony\Component\EventDispatcher\{closure}()
  ...symfony\event-dispatcher\EventDispatcher.php:56 Symfony\Component\EventDispatcher\EventDispatcher->callListeners()
  .\src\Glpi\Kernel\Kernel.php:149                   Symfony\Component\EventDispatcher\EventDispatcher->dispatch()
  .\vendor\symfony\http-kernel\Kernel.php:192        Glpi\Kernel\Kernel->boot()
  .\public\index.php:70                              Symfony\Component\HttpKernel\Kernel->handle()

[2026-08-04 08:17:14] glpi.CRITICAL:   *** Uncaught PHP Exception Twig\Error\RuntimeError: "An exception has been thrown during the rendering of a template ("Class "Normalizer" not found") in "layout/parts/user_header.html.twig" at line 44." at user_header.html.twig line 44
  Backtrace :
  ...templates\layout\parts\user_header.html.twig:44 
  .\vendor\twig\twig\src\Template.php:358            Twig\Template->yield()
  .\vendor\twig\twig\src\Template.php:373            Twig\Template->display()
  .\vendor\twig\twig\src\TemplateWrapper.php:51      Twig\Template->render()
  ...\twig\twig\src\Extension\CoreExtension.php:1520 Twig\TemplateWrapper->render()
  ...tes\36\3686e331624595bffea4cff7690af24b.php:136 Twig\Extension\CoreExtension::include()
  .\vendor\twig\twig\src\Template.php:402            __TwigTemplate_83fefe2249eb927be672fb1815787db5->doDisplay()
  .\vendor\twig\twig\src\Template.php:358            Twig\Template->yield()
  .\vendor\twig\twig\src\TemplateWrapper.php:61      Twig\Template->display()
  ...\Glpi\Application\View\TemplateRenderer.php:188 Twig\TemplateWrapper->display()
  .\src\Html.php:1656                                Glpi\Application\View\TemplateRenderer->display()
  :                                                  Html::header()
  ...Application\View\Extension\PhpExtension.php:105 call_user_func_array()
  ...ates\e3\e32cee38ac257ddfbf06b8cecf01e1fb.php:53 Glpi\Application\View\Extension\PhpExtension->call()
  .\vendor\twig\twig\src\Template.php:402            __TwigTemplate_0eeba608cafbc545d4fecb970a9d6ec7->doDisplay()
  ...ates\3c\3cc3313e1a3cc75fe0fede8c58d5346b.php:52 Twig\Template->yield()
  .\vendor\twig\twig\src\Template.php:402            __TwigTemplate_10fa7b9afa61a0dddc4acae59e420713->doDisplay()
  .\vendor\twig\twig\src\Template.php:358            Twig\Template->yield()
  .\vendor\twig\twig\src\Template.php:373            Twig\Template->display()
  .\vendor\twig\twig\src\TemplateWrapper.php:51      Twig\Template->render()
  ...\Glpi\Application\View\TemplateRenderer.php:170 Twig\TemplateWrapper->render()
  .\src\Glpi\Controller\AbstractController.php:68    Glpi\Application\View\TemplateRenderer->render()
  .\src\Glpi\Controller\CentralController.php:75     Glpi\Controller\AbstractController->render()
  .\vendor\symfony\http-kernel\HttpKernel.php:181    Glpi\Controller\CentralController->__invoke()
  .\vendor\symfony\http-kernel\HttpKernel.php:76     Symfony\Component\HttpKernel\HttpKernel->handleRaw()
  .\vendor\symfony\http-kernel\Kernel.php:197        Symfony\Component\HttpKernel\HttpKernel->handle()
  .\public\index.php:70                              Symfony\Component\HttpKernel\Kernel->handle()
  Previous: Class "Normalizer" not found
  ...dor\symfony\string\AbstractUnicodeString.php:31 
  ...ates\81\814e8899ee50aa4fa1bb06a6d84f1a46.php:73 Twig\Extra\String\StringExtension->createUnicodeString()
  .\vendor\twig\twig\src\Template.php:402            __TwigTemplate_21510ba3c34b060767ab9d976fdb532b->doDisplay()
  .\vendor\twig\twig\src\Template.php:358            Twig\Template->yield()
  .\vendor\twig\twig\src\Template.php:373            Twig\Template->display()
  .\vendor\twig\twig\src\TemplateWrapper.php:51      Twig\Template->render()
  ...\twig\twig\src\Extension\CoreExtension.php:1520 Twig\TemplateWrapper->render()
  ...tes\36\3686e331624595bffea4cff7690af24b.php:136 Twig\Extension\CoreExtension::include()
  .\vendor\twig\twig\src\Template.php:402            __TwigTemplate_83fefe2249eb927be672fb1815787db5->doDisplay()
  .\vendor\twig\twig\src\Template.php:358            Twig\Template->yield()
  .\vendor\twig\twig\src\TemplateWrapper.php:61      Twig\Template->display()
  ...\Glpi\Application\View\TemplateRenderer.php:188 Twig\TemplateWrapper->display()
  .\src\Html.php:1656                                Glpi\Application\View\TemplateRenderer->display()
  :                                                  Html::header()
  ...Application\View\Extension\PhpExtension.php:105 call_user_func_array()
  ...ates\e3\e32cee38ac257ddfbf06b8cecf01e1fb.php:53 Glpi\Application\View\Extension\PhpExtension->call()
  .\vendor\twig\twig\src\Template.php:402            __TwigTemplate_0eeba608cafbc545d4fecb970a9d6ec7->doDisplay()
  ...ates\3c\3cc3313e1a3cc75fe0fede8c58d5346b.php:52 Twig\Template->yield()
  .\vendor\twig\twig\src\Template.php:402            __TwigTemplate_10fa7b9afa61a0dddc4acae59e420713->doDisplay()
  .\vendor\twig\twig\src\Template.php:358            Twig\Template->yield()
  .\vendor\twig\twig\src\Template.php:373            Twig\Template->display()
  .\vendor\twig\twig\src\TemplateWrapper.php:51      Twig\Template->render()
  ...\Glpi\Application\View\TemplateRenderer.php:170 Twig\TemplateWrapper->render()
  .\src\Glpi\Controller\AbstractController.php:68    Glpi\Application\View\TemplateRenderer->render()
  .\src\Glpi\Controller\CentralController.php:75     Glpi\Controller\AbstractController->render()
  .\vendor\symfony\http-kernel\HttpKernel.php:181    Glpi\Controller\CentralController->__invoke()
  .\vendor\symfony\http-kernel\HttpKernel.php:76     Symfony\Component\HttpKernel\HttpKernel->handleRaw()
  .\vendor\symfony\http-kernel\Kernel.php:197        Symfony\Component\HttpKernel\HttpKernel->handle()
  .\public\index.php:70                              Symfony\Component\HttpKernel\Kernel->handle()

[2026-08-04 08:17:29] glpi.WARNING:   *** User Warning: Missing required intl PHP extension at Session.php line 856
  Backtrace :
  .\src\Session.php:856                              
  ...l\Listener\PostBootListener\LoadLanguage.php:56 Session::loadLanguage()
  ...ymfony\event-dispatcher\EventDispatcher.php:260 Glpi\Kernel\Listener\PostBootListener\LoadLanguage->onPostBoot()
  ...ymfony\event-dispatcher\EventDispatcher.php:220 Symfony\Component\EventDispatcher\EventDispatcher::Symfony\Component\EventDispatcher\{closure}()
  ...symfony\event-dispatcher\EventDispatcher.php:56 Symfony\Component\EventDispatcher\EventDispatcher->callListeners()
  .\src\Glpi\Kernel\Kernel.php:149                   Symfony\Component\EventDispatcher\EventDispatcher->dispatch()
  .\vendor\symfony\http-kernel\Kernel.php:192        Glpi\Kernel\Kernel->boot()
  .\public\index.php:70                              Symfony\Component\HttpKernel\Kernel->handle()

[2026-08-04 08:17:30] glpi.WARNING:   *** User Warning: Missing required intl PHP extension at Session.php line 856
  Backtrace :
  .\src\Session.php:856                              
  ...l\Listener\PostBootListener\LoadLanguage.php:56 Session::loadLanguage()
  ...ymfony\event-dispatcher\EventDispatcher.php:260 Glpi\Kernel\Listener\PostBootListener\LoadLanguage->onPostBoot()
  ...ymfony\event-dispatcher\EventDispatcher.php:220 Symfony\Component\EventDispatcher\EventDispatcher::Symfony\Component\EventDispatcher\{closure}()
  ...symfony\event-dispatcher\EventDispatcher.php:56 Symfony\Component\EventDispatcher\EventDispatcher->callListeners()
  .\src\Glpi\Kernel\Kernel.php:149                   Symfony\Component\EventDispatcher\EventDispatcher->dispatch()
  .\vendor\symfony\http-kernel\Kernel.php:192        Glpi\Kernel\Kernel->boot()
  .\public\index.php:70                              Symfony\Component\HttpKernel\Kernel->handle()

[2026-08-04 08:17:30] glpi.WARNING:   *** User Warning: Missing required intl PHP extension at Session.php line 856
  Backtrace :
  .\src\Session.php:856                              
  ...l\Listener\PostBootListener\LoadLanguage.php:56 Session::loadLanguage()
  ...ymfony\event-dispatcher\EventDispatcher.php:260 Glpi\Kernel\Listener\PostBootListener\LoadLanguage->onPostBoot()
  ...ymfony\event-dispatcher\EventDispatcher.php:220 Symfony\Component\EventDispatcher\EventDispatcher::Symfony\Component\EventDispatcher\{closure}()
  ...symfony\event-dispatcher\EventDispatcher.php:56 Symfony\Component\EventDispatcher\EventDispatcher->callListeners()
  .\src\Glpi\Kernel\Kernel.php:149                   Symfony\Component\EventDispatcher\EventDispatcher->dispatch()
  .\vendor\symfony\http-kernel\Kernel.php:192        Glpi\Kernel\Kernel->boot()
  .\public\index.php:70                              Symfony\Component\HttpKernel\Kernel->handle()

[2026-08-04 08:19:02] glpi.WARNING:   *** User Warning: Missing required intl PHP extension at Session.php line 856
  Backtrace :
  .\src\Session.php:856                              
  ...l\Listener\PostBootListener\LoadLanguage.php:56 Session::loadLanguage()
  ...ymfony\event-dispatcher\EventDispatcher.php:260 Glpi\Kernel\Listener\PostBootListener\LoadLanguage->onPostBoot()
  ...ymfony\event-dispatcher\EventDispatcher.php:220 Symfony\Component\EventDispatcher\EventDispatcher::Symfony\Component\EventDispatcher\{closure}()
  ...symfony\event-dispatcher\EventDispatcher.php:56 Symfony\Component\EventDispatcher\EventDispatcher->callListeners()
  .\src\Glpi\Kernel\Kernel.php:149                   Symfony\Component\EventDispatcher\EventDispatcher->dispatch()
  .\vendor\symfony\http-kernel\Kernel.php:192        Glpi\Kernel\Kernel->boot()
  .\public\index.php:70                              Symfony\Component\HttpKernel\Kernel->handle()

[2026-08-04 08:19:03] glpi.WARNING:   *** User Warning: Missing required intl PHP extension at Session.php line 856
  Backtrace :
  .\src\Session.php:856                              
  .\src\Session.php:202                              Session::loadLanguage()
  .\src\Auth.php:1151                                Session::init()
  .\front\login.php:69                               Auth->login()
  ...Glpi\Controller\LegacyFileLoadController.php:64 require()
  .\vendor\symfony\http-kernel\HttpKernel.php:181    Glpi\Controller\LegacyFileLoadController->__invoke()
  .\vendor\symfony\http-kernel\HttpKernel.php:76     Symfony\Component\HttpKernel\HttpKernel->handleRaw()
  .\vendor\symfony\http-kernel\Kernel.php:197        Symfony\Component\HttpKernel\HttpKernel->handle()
  .\public\index.php:70                              Symfony\Component\HttpKernel\Kernel->handle()

[2026-08-04 08:19:04] glpi.WARNING:   *** User Warning: Missing required intl PHP extension at Session.php line 856
  Backtrace :
  .\src\Session.php:856                              
  ...l\Listener\PostBootListener\LoadLanguage.php:56 Session::loadLanguage()
  ...ymfony\event-dispatcher\EventDispatcher.php:260 Glpi\Kernel\Listener\PostBootListener\LoadLanguage->onPostBoot()
  ...ymfony\event-dispatcher\EventDispatcher.php:220 Symfony\Component\EventDispatcher\EventDispatcher::Symfony\Component\EventDispatcher\{closure}()
  ...symfony\event-dispatcher\EventDispatcher.php:56 Symfony\Component\EventDispatcher\EventDispatcher->callListeners()
  .\src\Glpi\Kernel\Kernel.php:149                   Symfony\Component\EventDispatcher\EventDispatcher->dispatch()
  .\vendor\symfony\http-kernel\Kernel.php:192        Glpi\Kernel\Kernel->boot()
  .\public\index.php:70                              Symfony\Component\HttpKernel\Kernel->handle()

[2026-08-04 08:19:05] glpi.CRITICAL:   *** Uncaught PHP Exception Twig\Error\RuntimeError: "An exception has been thrown during the rendering of a template ("Class "Normalizer" not found") in "layout/parts/user_header.html.twig" at line 44." at user_header.html.twig line 44
  Backtrace :
  ...templates\layout\parts\user_header.html.twig:44 
  .\vendor\twig\twig\src\Template.php:358            Twig\Template->yield()
  .\vendor\twig\twig\src\Template.php:373            Twig\Template->display()
  .\vendor\twig\twig\src\TemplateWrapper.php:51      Twig\Template->render()
  ...\twig\twig\src\Extension\CoreExtension.php:1520 Twig\TemplateWrapper->render()
  ...tes\36\3686e331624595bffea4cff7690af24b.php:136 Twig\Extension\CoreExtension::include()
  .\vendor\twig\twig\src\Template.php:402            __TwigTemplate_83fefe2249eb927be672fb1815787db5->doDisplay()
  .\vendor\twig\twig\src\Template.php:358            Twig\Template->yield()
  .\vendor\twig\twig\src\TemplateWrapper.php:61      Twig\Template->display()
  ...\Glpi\Application\View\TemplateRenderer.php:188 Twig\TemplateWrapper->display()
  .\src\Html.php:1656                                Glpi\Application\View\TemplateRenderer->display()
  :                                                  Html::header()
  ...Application\View\Extension\PhpExtension.php:105 call_user_func_array()
  ...ates\e3\e32cee38ac257ddfbf06b8cecf01e1fb.php:53 Glpi\Application\View\Extension\PhpExtension->call()
  .\vendor\twig\twig\src\Template.php:402            __TwigTemplate_0eeba608cafbc545d4fecb970a9d6ec7->doDisplay()
  ...ates\3c\3cc3313e1a3cc75fe0fede8c58d5346b.php:52 Twig\Template->yield()
  .\vendor\twig\twig\src\Template.php:402            __TwigTemplate_10fa7b9afa61a0dddc4acae59e420713->doDisplay()
  .\vendor\twig\twig\src\Template.php:358            Twig\Template->yield()
  .\vendor\twig\twig\src\Template.php:373            Twig\Template->display()
  .\vendor\twig\twig\src\TemplateWrapper.php:51      Twig\Template->render()
  ...\Glpi\Application\View\TemplateRenderer.php:170 Twig\TemplateWrapper->render()
  .\src\Glpi\Controller\AbstractController.php:68    Glpi\Application\View\TemplateRenderer->render()
  .\src\Glpi\Controller\CentralController.php:75     Glpi\Controller\AbstractController->render()
  .\vendor\symfony\http-kernel\HttpKernel.php:181    Glpi\Controller\CentralController->__invoke()
  .\vendor\symfony\http-kernel\HttpKernel.php:76     Symfony\Component\HttpKernel\HttpKernel->handleRaw()
  .\vendor\symfony\http-kernel\Kernel.php:197        Symfony\Component\HttpKernel\HttpKernel->handle()
  .\public\index.php:70                              Symfony\Component\HttpKernel\Kernel->handle()
  Previous: Class "Normalizer" not found
  ...dor\symfony\string\AbstractUnicodeString.php:31 
  ...ates\81\814e8899ee50aa4fa1bb06a6d84f1a46.php:73 Twig\Extra\String\StringExtension->createUnicodeString()
  .\vendor\twig\twig\src\Template.php:402            __TwigTemplate_21510ba3c34b060767ab9d976fdb532b->doDisplay()
  .\vendor\twig\twig\src\Template.php:358            Twig\Template->yield()
  .\vendor\twig\twig\src\Template.php:373            Twig\Template->display()
  .\vendor\twig\twig\src\TemplateWrapper.php:51      Twig\Template->render()
  ...\twig\twig\src\Extension\CoreExtension.php:1520 Twig\TemplateWrapper->render()
  ...tes\36\3686e331624595bffea4cff7690af24b.php:136 Twig\Extension\CoreExtension::include()
  .\vendor\twig\twig\src\Template.php:402            __TwigTemplate_83fefe2249eb927be672fb1815787db5->doDisplay()
  .\vendor\twig\twig\src\Template.php:358            Twig\Template->yield()
  .\vendor\twig\twig\src\TemplateWrapper.php:61      Twig\Template->display()
  ...\Glpi\Application\View\TemplateRenderer.php:188 Twig\TemplateWrapper->display()
  .\src\Html.php:1656                                Glpi\Application\View\TemplateRenderer->display()
  :                                                  Html::header()
  ...Application\View\Extension\PhpExtension.php:105 call_user_func_array()
  ...ates\e3\e32cee38ac257ddfbf06b8cecf01e1fb.php:53 Glpi\Application\View\Extension\PhpExtension->call()
  .\vendor\twig\twig\src\Template.php:402            __TwigTemplate_0eeba608cafbc545d4fecb970a9d6ec7->doDisplay()
  ...ates\3c\3cc3313e1a3cc75fe0fede8c58d5346b.php:52 Twig\Template->yield()
  .\vendor\twig\twig\src\Template.php:402            __TwigTemplate_10fa7b9afa61a0dddc4acae59e420713->doDisplay()
  .\vendor\twig\twig\src\Template.php:358            Twig\Template->yield()
  .\vendor\twig\twig\src\Template.php:373            Twig\Template->display()
  .\vendor\twig\twig\src\TemplateWrapper.php:51      Twig\Template->render()
  ...\Glpi\Application\View\TemplateRenderer.php:170 Twig\TemplateWrapper->render()
  .\src\Glpi\Controller\AbstractController.php:68    Glpi\Application\View\TemplateRenderer->render()
  .\src\Glpi\Controller\CentralController.php:75     Glpi\Controller\AbstractController->render()
  .\vendor\symfony\http-kernel\HttpKernel.php:181    Glpi\Controller\CentralController->__invoke()
  .\vendor\symfony\http-kernel\HttpKernel.php:76     Symfony\Component\HttpKernel\HttpKernel->handleRaw()
  .\vendor\symfony\http-kernel\Kernel.php:197        Symfony\Component\HttpKernel\HttpKernel->handle()
  .\public\index.php:70                              Symfony\Component\HttpKernel\Kernel->handle()

[2026-08-04 08:32:36] glpi.WARNING:   *** User Warning: Missing required intl PHP extension at Session.php line 856
  Backtrace :
  .\src\Session.php:856                              
  ...l\Listener\PostBootListener\LoadLanguage.php:56 Session::loadLanguage()
  ...ymfony\event-dispatcher\EventDispatcher.php:260 Glpi\Kernel\Listener\PostBootListener\LoadLanguage->onPostBoot()
  ...ymfony\event-dispatcher\EventDispatcher.php:220 Symfony\Component\EventDispatcher\EventDispatcher::Symfony\Component\EventDispatcher\{closure}()
  ...symfony\event-dispatcher\EventDispatcher.php:56 Symfony\Component\EventDispatcher\EventDispatcher->callListeners()
  .\src\Glpi\Kernel\Kernel.php:149                   Symfony\Component\EventDispatcher\EventDispatcher->dispatch()
  .\vendor\symfony\http-kernel\Kernel.php:192        Glpi\Kernel\Kernel->boot()
  .\public\index.php:70                              Symfony\Component\HttpKernel\Kernel->handle()

[2026-08-04 08:32:37] glpi.WARNING:   *** User Warning: Missing required intl PHP extension at Session.php line 856
  Backtrace :
  .\src\Session.php:856                              
  ...l\Listener\PostBootListener\LoadLanguage.php:56 Session::loadLanguage()
  ...ymfony\event-dispatcher\EventDispatcher.php:260 Glpi\Kernel\Listener\PostBootListener\LoadLanguage->onPostBoot()
  ...ymfony\event-dispatcher\EventDispatcher.php:220 Symfony\Component\EventDispatcher\EventDispatcher::Symfony\Component\EventDispatcher\{closure}()
  ...symfony\event-dispatcher\EventDispatcher.php:56 Symfony\Component\EventDispatcher\EventDispatcher->callListeners()
  .\src\Glpi\Kernel\Kernel.php:149                   Symfony\Component\EventDispatcher\EventDispatcher->dispatch()
  .\vendor\symfony\http-kernel\Kernel.php:192        Glpi\Kernel\Kernel->boot()
  .\public\index.php:70                              Symfony\Component\HttpKernel\Kernel->handle()

[2026-08-04 08:32:37] glpi.CRITICAL:   *** Uncaught PHP Exception Twig\Error\RuntimeError: "An exception has been thrown during the rendering of a template ("Class "Normalizer" not found") in "layout/parts/user_header.html.twig" at line 44." at user_header.html.twig line 44
  Backtrace :
  ...templates\layout\parts\user_header.html.twig:44 
  .\vendor\twig\twig\src\Template.php:358            Twig\Template->yield()
  .\vendor\twig\twig\src\Template.php:373            Twig\Template->display()
  .\vendor\twig\twig\src\TemplateWrapper.php:51      Twig\Template->render()
  ...\twig\twig\src\Extension\CoreExtension.php:1520 Twig\TemplateWrapper->render()
  ...tes\36\3686e331624595bffea4cff7690af24b.php:136 Twig\Extension\CoreExtension::include()
  .\vendor\twig\twig\src\Template.php:402            __TwigTemplate_83fefe2249eb927be672fb1815787db5->doDisplay()
  .\vendor\twig\twig\src\Template.php:358            Twig\Template->yield()
  .\vendor\twig\twig\src\TemplateWrapper.php:61      Twig\Template->display()
  ...\Glpi\Application\View\TemplateRenderer.php:188 Twig\TemplateWrapper->display()
  .\src\Html.php:1656                                Glpi\Application\View\TemplateRenderer->display()
  :                                                  Html::header()
  ...Application\View\Extension\PhpExtension.php:105 call_user_func_array()
  ...ates\e3\e32cee38ac257ddfbf06b8cecf01e1fb.php:53 Glpi\Application\View\Extension\PhpExtension->call()
  .\vendor\twig\twig\src\Template.php:402            __TwigTemplate_0eeba608cafbc545d4fecb970a9d6ec7->doDisplay()
  ...ates\3c\3cc3313e1a3cc75fe0fede8c58d5346b.php:52 Twig\Template->yield()
  .\vendor\twig\twig\src\Template.php:402            __TwigTemplate_10fa7b9afa61a0dddc4acae59e420713->doDisplay()
  .\vendor\twig\twig\src\Template.php:358            Twig\Template->yield()
  .\vendor\twig\twig\src\Template.php:373            Twig\Template->display()
  .\vendor\twig\twig\src\TemplateWrapper.php:51      Twig\Template->render()
  ...\Glpi\Application\View\TemplateRenderer.php:170 Twig\TemplateWrapper->render()
  .\src\Glpi\Controller\AbstractController.php:68    Glpi\Application\View\TemplateRenderer->render()
  .\src\Glpi\Controller\CentralController.php:75     Glpi\Controller\AbstractController->render()
  .\vendor\symfony\http-kernel\HttpKernel.php:181    Glpi\Controller\CentralController->__invoke()
  .\vendor\symfony\http-kernel\HttpKernel.php:76     Symfony\Component\HttpKernel\HttpKernel->handleRaw()
  .\vendor\symfony\http-kernel\Kernel.php:197        Symfony\Component\HttpKernel\HttpKernel->handle()
  .\public\index.php:70                              Symfony\Component\HttpKernel\Kernel->handle()
  Previous: Class "Normalizer" not found
  ...dor\symfony\string\AbstractUnicodeString.php:31 
  ...ates\81\814e8899ee50aa4fa1bb06a6d84f1a46.php:73 Twig\Extra\String\StringExtension->createUnicodeString()
  .\vendor\twig\twig\src\Template.php:402            __TwigTemplate_21510ba3c34b060767ab9d976fdb532b->doDisplay()
  .\vendor\twig\twig\src\Template.php:358            Twig\Template->yield()
  .\vendor\twig\twig\src\Template.php:373            Twig\Template->display()
  .\vendor\twig\twig\src\TemplateWrapper.php:51      Twig\Template->render()
  ...\twig\twig\src\Extension\CoreExtension.php:1520 Twig\TemplateWrapper->render()
  ...tes\36\3686e331624595bffea4cff7690af24b.php:136 Twig\Extension\CoreExtension::include()
  .\vendor\twig\twig\src\Template.php:402            __TwigTemplate_83fefe2249eb927be672fb1815787db5->doDisplay()
  .\vendor\twig\twig\src\Template.php:358            Twig\Template->yield()
  .\vendor\twig\twig\src\TemplateWrapper.php:61      Twig\Template->display()
  ...\Glpi\Application\View\TemplateRenderer.php:188 Twig\TemplateWrapper->display()
  .\src\Html.php:1656                                Glpi\Application\View\TemplateRenderer->display()
  :                                                  Html::header()
  ...Application\View\Extension\PhpExtension.php:105 call_user_func_array()
  ...ates\e3\e32cee38ac257ddfbf06b8cecf01e1fb.php:53 Glpi\Application\View\Extension\PhpExtension->call()
  .\vendor\twig\twig\src\Template.php:402            __TwigTemplate_0eeba608cafbc545d4fecb970a9d6ec7->doDisplay()
  ...ates\3c\3cc3313e1a3cc75fe0fede8c58d5346b.php:52 Twig\Template->yield()
  .\vendor\twig\twig\src\Template.php:402            __TwigTemplate_10fa7b9afa61a0dddc4acae59e420713->doDisplay()
  .\vendor\twig\twig\src\Template.php:358            Twig\Template->yield()
  .\vendor\twig\twig\src\Template.php:373            Twig\Template->display()
  .\vendor\twig\twig\src\TemplateWrapper.php:51      Twig\Template->render()
  ...\Glpi\Application\View\TemplateRenderer.php:170 Twig\TemplateWrapper->render()
  .\src\Glpi\Controller\AbstractController.php:68    Glpi\Application\View\TemplateRenderer->render()
  .\src\Glpi\Controller\CentralController.php:75     Glpi\Controller\AbstractController->render()
  .\vendor\symfony\http-kernel\HttpKernel.php:181    Glpi\Controller\CentralController->__invoke()
  .\vendor\symfony\http-kernel\HttpKernel.php:76     Symfony\Component\HttpKernel\HttpKernel->handleRaw()
  .\vendor\symfony\http-kernel\Kernel.php:197        Symfony\Component\HttpKernel\HttpKernel->handle()
  .\public\index.php:70                              Symfony\Component\HttpKernel\Kernel->handle()

